Peptide,condition,lfc
ACM1_444_456,Neg15m_NegCTL,0.21679594649395195
ACM1_444_456,Neg1h_NegCTL,-0.12876053680886348
ACM1_444_456,Neg24h_NegCTL,-0.19522656890430465
ACM1_444_456,Neg30m_NegCTL,0.13531452669626898
ACM1_444_456,Neg4h_NegCTL,-0.22249665355926349
ACM1_444_456,Neg5m_NegCTL,0.30544366152306274
ACM1_444_456,Pos15m_PosCTL,0.05539178789961539
ACM1_444_456,Pos1h_PosCTL,-0.07002983323275795
ACM1_444_456,Pos24h_PosCTL,-0.12914111590594413
ACM1_444_456,Pos30m_PosCTL,0.07809200934545135
ACM1_444_456,Pos4h_PosCTL,-0.0957275678777485
ACM1_444_456,Pos5m_PosCTL,0.08224247436529156
ACM4_456_468,Neg15m_NegCTL,-0.02985368091622516
ACM4_456_468,Neg1h_NegCTL,-0.1100707360430304
ACM4_456_468,Neg24h_NegCTL,-0.10469840930917464
ACM4_456_468,Neg30m_NegCTL,-0.14476439157547788
ACM4_456_468,Neg4h_NegCTL,-0.13355713813538994
ACM4_456_468,Neg5m_NegCTL,0.08954768176368808
ACM4_456_468,Pos15m_PosCTL,0.1030295164035584
ACM4_456_468,Pos1h_PosCTL,-0.05403226339539526
ACM4_456_468,Pos24h_PosCTL,0.11657178720972036
ACM4_456_468,Pos30m_PosCTL,0.24234141847711815
ACM4_456_468,Pos4h_PosCTL,0.09254498121343988
ACM4_456_468,Pos5m_PosCTL,0.0287486435741983
ADDB_696_708,Neg15m_NegCTL,0.29592222951170566
ADDB_696_708,Neg1h_NegCTL,-0.10198928029738408
ADDB_696_708,Neg24h_NegCTL,-0.3650149108456959
ADDB_696_708,Neg30m_NegCTL,0.14195543243459596
ADDB_696_708,Neg4h_NegCTL,-0.13225168591134384
ADDB_696_708,Neg5m_NegCTL,0.2672487964330245
ADDB_696_708,Pos15m_PosCTL,-0.03804408063245969
ADDB_696_708,Pos1h_PosCTL,-0.06422590701187816
ADDB_696_708,Pos24h_PosCTL,-0.4179884183566688
ADDB_696_708,Pos30m_PosCTL,0.19250058832666755
ADDB_696_708,Pos4h_PosCTL,-0.3031706622890968
ADDB_696_708,Pos5m_PosCTL,0.14444677619424934
ADDB_706_718,Neg15m_NegCTL,0.09268476760103304
ADDB_706_718,Neg1h_NegCTL,-0.14487917223399016
ADDB_706_718,Neg24h_NegCTL,0.14717537322662633
ADDB_706_718,Neg30m_NegCTL,-0.13211695971831036
ADDB_706_718,Neg4h_NegCTL,-0.04250907750259593
ADDB_706_718,Neg5m_NegCTL,0.1021626479909988
ADDB_706_718,Pos15m_PosCTL,0.232066440615142
ADDB_706_718,Pos1h_PosCTL,0.09036533344436748
ADDB_706_718,Pos24h_PosCTL,0.1994893569906259
ADDB_706_718,Pos30m_PosCTL,0.3906757527244302
ADDB_706_718,Pos4h_PosCTL,0.09434295923007152
ADDB_706_718,Pos5m_PosCTL,0.1989851740097134
ADRB2_338_350,Neg15m_NegCTL,0.4302553783033585
ADRB2_338_350,Neg1h_NegCTL,0.6061323177146258
ADRB2_338_350,Neg24h_NegCTL,-0.05579148890482433
ADRB2_338_350,Neg30m_NegCTL,0.5502773877938516
ADRB2_338_350,Neg4h_NegCTL,0.3890990725073484
ADRB2_338_350,Neg5m_NegCTL,-0.03394340580411725
ADRB2_338_350,Pos15m_PosCTL,1.0923214637851526
ADRB2_338_350,Pos1h_PosCTL,0.5746308603143792
ADRB2_338_350,Pos24h_PosCTL,-0.19303035308618485
ADRB2_338_350,Pos30m_PosCTL,1.0244356277052546
ADRB2_338_350,Pos4h_PosCTL,0.747425985326775
ADRB2_338_350,Pos5m_PosCTL,1.0044839540530723
AMOT_744_756,Neg15m_NegCTL,0.3838290538450343
AMOT_744_756,Neg1h_NegCTL,-0.02124742589046372
AMOT_744_756,Neg24h_NegCTL,0.32234558264268376
AMOT_744_756,Neg30m_NegCTL,0.2568107978290482
AMOT_744_756,Neg4h_NegCTL,-0.00404800923461903
AMOT_744_756,Neg5m_NegCTL,0.3371589631490508
AMOT_744_756,Pos15m_PosCTL,-0.07627961638456011
AMOT_744_756,Pos1h_PosCTL,-0.0894858020672459
AMOT_744_756,Pos24h_PosCTL,0.15741688572200996
AMOT_744_756,Pos30m_PosCTL,0.01474548204399776
AMOT_744_756,Pos4h_PosCTL,0.02921617720094419
AMOT_744_756,Pos5m_PosCTL,-0.03622221299501375
ANDR_785_797,Neg15m_NegCTL,0.23571281621974727
ANDR_785_797,Neg1h_NegCTL,0.0958656133095325
ANDR_785_797,Neg24h_NegCTL,0.25802163216803553
ANDR_785_797,Neg30m_NegCTL,0.08504217153026072
ANDR_785_797,Neg4h_NegCTL,0.12974472642205165
ANDR_785_797,Neg5m_NegCTL,0.2359957646412676
ANDR_785_797,Pos15m_PosCTL,0.2721383689503594
ANDR_785_797,Pos1h_PosCTL,0.11034493041180848
ANDR_785_797,Pos24h_PosCTL,0.34997063674638146
ANDR_785_797,Pos30m_PosCTL,0.38546363625234054
ANDR_785_797,Pos4h_PosCTL,0.3193155223680059
ANDR_785_797,Pos5m_PosCTL,0.28650272260100884
ANXA1_209_221,Neg15m_NegCTL,0.2427466679527465
ANXA1_209_221,Neg1h_NegCTL,0.11570706027808372
ANXA1_209_221,Neg24h_NegCTL,0.16355191874255195
ANXA1_209_221,Neg30m_NegCTL,0.08980976478583683
ANXA1_209_221,Neg4h_NegCTL,0.1113688934241462
ANXA1_209_221,Neg5m_NegCTL,0.0580944118088631
ANXA1_209_221,Pos15m_PosCTL,0.5285831632070664
ANXA1_209_221,Pos1h_PosCTL,0.28004819590736957
ANXA1_209_221,Pos24h_PosCTL,-0.07489538706446316
ANXA1_209_221,Pos30m_PosCTL,0.617093914431608
ANXA1_209_221,Pos4h_PosCTL,0.4455914599987934
ANXA1_209_221,Pos5m_PosCTL,0.459908358625533
ARHG2_166_178,Neg15m_NegCTL,0.375709558634985
ARHG2_166_178,Neg1h_NegCTL,-0.01640583590818809
ARHG2_166_178,Neg24h_NegCTL,0.12275868990213616
ARHG2_166_178,Neg30m_NegCTL,-0.0759175047105328
ARHG2_166_178,Neg4h_NegCTL,0.03350725524370753
ARHG2_166_178,Neg5m_NegCTL,0.26412103786547164
ARHG2_166_178,Pos15m_PosCTL,0.1015967518982297
ARHG2_166_178,Pos1h_PosCTL,0.3045595128967517
ARHG2_166_178,Pos24h_PosCTL,0.3758708149491037
ARHG2_166_178,Pos30m_PosCTL,0.06290902711077588
ARHG2_166_178,Pos4h_PosCTL,0.49244895094081154
ARHG2_166_178,Pos5m_PosCTL,-0.00635904304913351
BAD_112_124,Neg15m_NegCTL,0.2743434813161354
BAD_112_124,Neg1h_NegCTL,0.3644320778812092
BAD_112_124,Neg24h_NegCTL,0.14854051952786868
BAD_112_124,Neg30m_NegCTL,0.26441433902424577
BAD_112_124,Neg4h_NegCTL,0.2165535041421049
BAD_112_124,Neg5m_NegCTL,-0.08303403923055766
BAD_112_124,Pos15m_PosCTL,1.128370797329561
BAD_112_124,Pos1h_PosCTL,0.6223472560446313
BAD_112_124,Pos24h_PosCTL,0.00186152534004719
BAD_112_124,Pos30m_PosCTL,0.9585295553381178
BAD_112_124,Pos4h_PosCTL,0.8008922567049348
BAD_112_124,Pos5m_PosCTL,0.9860094080032336
BAD_69_81,Neg15m_NegCTL,0.08430674884722222
BAD_69_81,Neg1h_NegCTL,-0.06171417225859758
BAD_69_81,Neg24h_NegCTL,-0.16705821657101289
BAD_69_81,Neg30m_NegCTL,-0.04531590242523098
BAD_69_81,Neg4h_NegCTL,-0.2507049490632364
BAD_69_81,Neg5m_NegCTL,0.12818997109139593
BAD_69_81,Pos15m_PosCTL,0.4267624414484275
BAD_69_81,Pos1h_PosCTL,0.1401959928798527
BAD_69_81,Pos24h_PosCTL,0.00965633943463887
BAD_69_81,Pos30m_PosCTL,0.4176968951171611
BAD_69_81,Pos4h_PosCTL,0.13569511265041417
BAD_69_81,Pos5m_PosCTL,0.4072845940953173
BAD_93_105,Neg15m_NegCTL,-1.2566245411231117e-4
BAD_93_105,Neg1h_NegCTL,-0.11532268174665848
BAD_93_105,Neg24h_NegCTL,-0.02274082502375694
BAD_93_105,Neg30m_NegCTL,-0.05840799511696026
BAD_93_105,Neg4h_NegCTL,-0.03523430110626642
BAD_93_105,Neg5m_NegCTL,0.2799235536432058
BAD_93_105,Pos15m_PosCTL,0.20362997691800128
BAD_93_105,Pos1h_PosCTL,-0.05168833002080308
BAD_93_105,Pos24h_PosCTL,0.20247207003520984
BAD_93_105,Pos30m_PosCTL,0.22063981792997972
BAD_93_105,Pos4h_PosCTL,0.05588629154744613
BAD_93_105,Pos5m_PosCTL,0.19687087871757775
BCKD_45_57,Neg15m_NegCTL,0.1351270072894657
BCKD_45_57,Neg1h_NegCTL,-0.09110407518122
BCKD_45_57,Neg24h_NegCTL,0.03742785618462698
BCKD_45_57,Neg30m_NegCTL,-0.2286926585991512
BCKD_45_57,Neg4h_NegCTL,-0.03877511172333688
BCKD_45_57,Neg5m_NegCTL,0.22353692597518
BCKD_45_57,Pos15m_PosCTL,0.11120564780761466
BCKD_45_57,Pos1h_PosCTL,-0.04252558526610113
BCKD_45_57,Pos24h_PosCTL,-0.01615773760876197
BCKD_45_57,Pos30m_PosCTL,0.1971063590415956
BCKD_45_57,Pos4h_PosCTL,-0.00703057722073048
BCKD_45_57,Pos5m_PosCTL,0.12182637897067217
BUB1_207_219,Neg15m_NegCTL,0.06695264219893104
BUB1_207_219,Neg1h_NegCTL,-0.17481115575925504
BUB1_207_219,Neg24h_NegCTL,-0.048450590552901573
BUB1_207_219,Neg30m_NegCTL,-0.2100884938488698
BUB1_207_219,Neg4h_NegCTL,-0.15385509653467633
BUB1_207_219,Neg5m_NegCTL,0.02163779446607498
BUB1_207_219,Pos15m_PosCTL,0.01890459137348532
BUB1_207_219,Pos1h_PosCTL,-0.02466415304274102
BUB1_207_219,Pos24h_PosCTL,-0.01028971442055818
BUB1_207_219,Pos30m_PosCTL,0.1543478398868115
BUB1_207_219,Pos4h_PosCTL,-0.01347899615545895
BUB1_207_219,Pos5m_PosCTL,0.04529770049439285
C1R_201_213,Neg15m_NegCTL,-0.3085830780591179
C1R_201_213,Neg30m_NegCTL,-0.34778588801435806
C1R_201_213,Neg5m_NegCTL,-0.33440926732059084
C1R_201_213,Pos15m_PosCTL,-0.0882339378711093
C1R_201_213,Pos1h_PosCTL,0.1931429941781591
C1R_201_213,Pos24h_PosCTL,0.08381800460677091
C1R_201_213,Pos30m_PosCTL,0.21047729546759028
C1R_201_213,Pos4h_PosCTL,-0.05853683767828391
C1R_201_213,Pos5m_PosCTL,0.12221471904296756
CAC1C_1974_1986,Neg15m_NegCTL,0.3130232539570219
CAC1C_1974_1986,Neg1h_NegCTL,0.6137368471172797
CAC1C_1974_1986,Neg24h_NegCTL,-0.04409819130209917
CAC1C_1974_1986,Neg30m_NegCTL,0.523472103813163
CAC1C_1974_1986,Neg4h_NegCTL,0.4057131062407319
CAC1C_1974_1986,Neg5m_NegCTL,-0.16526333353682995
CAC1C_1974_1986,Pos15m_PosCTL,1.1145463348709324
CAC1C_1974_1986,Pos1h_PosCTL,0.5138448873063025
CAC1C_1974_1986,Pos24h_PosCTL,-0.03034511944150549
CAC1C_1974_1986,Pos30m_PosCTL,0.970255193380524
CAC1C_1974_1986,Pos4h_PosCTL,0.6092122046082048
CAC1C_1974_1986,Pos5m_PosCTL,1.0036821875332065
CCR5_330_342,Neg15m_NegCTL,0.39465045868576826
CCR5_330_342,Neg1h_NegCTL,0.09338959346021893
CCR5_330_342,Neg24h_NegCTL,0.2945616299314275
CCR5_330_342,Neg30m_NegCTL,-0.01872363303530438
CCR5_330_342,Neg4h_NegCTL,0.10953923411125968
CCR5_330_342,Neg5m_NegCTL,0.3806911973726483
CCR5_330_342,Pos15m_PosCTL,0.03568223158570009
CCR5_330_342,Pos1h_PosCTL,-0.08359088796768314
CCR5_330_342,Pos24h_PosCTL,-0.09475724407050824
CCR5_330_342,Pos30m_PosCTL,0.04656512010701933
CCR5_330_342,Pos4h_PosCTL,-0.22598258299094248
CCR5_330_342,Pos5m_PosCTL,0.03233108128228323
CD27_212_224,Neg15m_NegCTL,0.19590302823198957
CD27_212_224,Neg1h_NegCTL,-0.16669197887606688
CD27_212_224,Neg24h_NegCTL,-0.04223304659451769
CD27_212_224,Neg30m_NegCTL,-0.02052494220999919
CD27_212_224,Neg4h_NegCTL,-0.06525150045176531
CD27_212_224,Neg5m_NegCTL,0.15534968750554218
CD27_212_224,Pos15m_PosCTL,0.21889259696994873
CD27_212_224,Pos1h_PosCTL,0.2676233249226139
CD27_212_224,Pos24h_PosCTL,0.16167717942748006
CD27_212_224,Pos30m_PosCTL,0.1579244026807028
CD27_212_224,Pos4h_PosCTL,0.1811838662271956
CD27_212_224,Pos5m_PosCTL,0.11544029862842256
CDC2_154_169,Neg15m_NegCTL,0.10556923734073348
CDC2_154_169,Neg1h_NegCTL,0.00648402292955937
CDC2_154_169,Neg24h_NegCTL,-0.240878095721226
CDC2_154_169,Neg30m_NegCTL,-0.06683093924064003
CDC2_154_169,Neg4h_NegCTL,-0.07579873731504114
CDC2_154_169,Neg5m_NegCTL,-0.12256794755316196
CDC2_154_169,Pos15m_PosCTL,0.14134920567396164
CDC2_154_169,Pos1h_PosCTL,-0.18485925201033945
CDC2_154_169,Pos24h_PosCTL,-0.2224669817567732
CDC2_154_169,Pos30m_PosCTL,0.1659263547018135
CDC2_154_169,Pos4h_PosCTL,-0.15033372973205
CDC2_154_169,Pos5m_PosCTL,0.12462715329629148
CDK7_163_175,Neg15m_NegCTL,0.20674177613788527
CDK7_163_175,Neg1h_NegCTL,-0.05708637447965614
CDK7_163_175,Neg24h_NegCTL,0.06493470535496085
CDK7_163_175,Neg30m_NegCTL,-0.20646716797395495
CDK7_163_175,Neg4h_NegCTL,-0.00121789993399268
CDK7_163_175,Neg5m_NegCTL,0.15176255786201054
CDK7_163_175,Pos15m_PosCTL,0.20915332955508423
CDK7_163_175,Pos1h_PosCTL,-0.03489100385630668
CDK7_163_175,Pos24h_PosCTL,-0.1326740403851471
CDK7_163_175,Pos30m_PosCTL,0.2627696919937176
CDK7_163_175,Pos4h_PosCTL,-0.04691201452091261
CDK7_163_175,Pos5m_PosCTL,0.13050011765146033
CDN1A_139_151,Neg15m_NegCTL,0.2934269301207835
CDN1A_139_151,Neg1h_NegCTL,0.2524613174526215
CDN1A_139_151,Neg24h_NegCTL,0.02401099267822282
CDN1A_139_151,Neg30m_NegCTL,0.32140831793210783
CDN1A_139_151,Neg4h_NegCTL,0.16496463566532724
CDN1A_139_151,Neg5m_NegCTL,0.09289024042568944
CENPA_1_14,Neg15m_NegCTL,0.29890332376820944
CENPA_1_14,Neg1h_NegCTL,0.02430025387713316
CENPA_1_14,Neg24h_NegCTL,0.08433670874332695
CENPA_1_14,Neg30m_NegCTL,0.10643507291987132
CENPA_1_14,Neg4h_NegCTL,0.03404654201166727
CENPA_1_14,Neg5m_NegCTL,0.23290355416780736
CENPA_1_14,Pos15m_PosCTL,0.20215907207568343
CENPA_1_14,Pos1h_PosCTL,0.02234334011471173
CENPA_1_14,Pos24h_PosCTL,0.20680086571431508
CENPA_1_14,Pos30m_PosCTL,0.13560177113008215
CENPA_1_14,Pos4h_PosCTL,0.17896993712879272
CENPA_1_14,Pos5m_PosCTL,0.11642723525628244
CFTR_730_742,Neg15m_NegCTL,0.7863880751275097
CFTR_730_742,Neg1h_NegCTL,0.9243249736719816
CFTR_730_742,Neg24h_NegCTL,-0.05915225564898859
CFTR_730_742,Neg30m_NegCTL,0.9726795732732708
CFTR_730_742,Neg4h_NegCTL,0.511647861095652
CFTR_730_742,Neg5m_NegCTL,0.14699897184431315
CFTR_730_742,Pos15m_PosCTL,1.453513008719274
CFTR_730_742,Pos1h_PosCTL,0.8407929326927229
CFTR_730_742,Pos24h_PosCTL,0.04443633431025222
CFTR_730_742,Pos30m_PosCTL,1.2998652497073797
CFTR_730_742,Pos4h_PosCTL,1.0227746303676195
CFTR_730_742,Pos5m_PosCTL,1.3080531122272294
CGHB_109_121,Neg15m_NegCTL,0.04505033986113874
CGHB_109_121,Neg1h_NegCTL,0.4648311314936002
CGHB_109_121,Neg24h_NegCTL,0.09314972573574418
CGHB_109_121,Neg30m_NegCTL,0.5015960259478763
CGHB_109_121,Neg4h_NegCTL,0.22684549468162304
CGHB_109_121,Neg5m_NegCTL,-0.3222006469157745
CGHB_109_121,Pos15m_PosCTL,0.6477229055912028
CGHB_109_121,Pos1h_PosCTL,0.5060454361965494
CGHB_109_121,Pos24h_PosCTL,-0.1466427351229571
CGHB_109_121,Pos30m_PosCTL,0.5973016851845617
CGHB_109_121,Pos4h_PosCTL,0.410031206756132
CGHB_109_121,Pos5m_PosCTL,0.5830950876193534
CO4A3_1429_1441,Neg15m_NegCTL,0.13973661767379458
CO4A3_1429_1441,Neg1h_NegCTL,-0.09495049229366705
CO4A3_1429_1441,Neg24h_NegCTL,-0.121643347292362
CO4A3_1429_1441,Neg30m_NegCTL,-0.20706536138443027
CO4A3_1429_1441,Neg4h_NegCTL,-0.20557087179188588
CO4A3_1429_1441,Neg5m_NegCTL,0.11793959727810174
CO4A3_1429_1441,Pos15m_PosCTL,0.2486191177339331
CO4A3_1429_1441,Pos1h_PosCTL,-0.10437781277074354
CO4A3_1429_1441,Pos24h_PosCTL,-0.13457925131655885
CO4A3_1429_1441,Pos30m_PosCTL,0.16661339953940085
CO4A3_1429_1441,Pos4h_PosCTL,-0.0668124804200394
CO4A3_1429_1441,Pos5m_PosCTL,0.12617016087551747
CREB1_126_138,Neg15m_NegCTL,0.7343822246165294
CREB1_126_138,Neg1h_NegCTL,0.4383131696895036
CREB1_126_138,Neg24h_NegCTL,0.1977483770431192
CREB1_126_138,Neg30m_NegCTL,0.41083366461050846
CREB1_126_138,Neg4h_NegCTL,0.29522866708972967
CREB1_126_138,Neg5m_NegCTL,0.31718026038945507
CREB1_126_138,Pos15m_PosCTL,0.8533786770993815
CREB1_126_138,Pos1h_PosCTL,0.3954376081623845
CREB1_126_138,Pos24h_PosCTL,0.14798602178108786
CREB1_126_138,Pos30m_PosCTL,0.8148875158257655
CREB1_126_138,Pos4h_PosCTL,0.5930846444884814
CREB1_126_138,Pos5m_PosCTL,0.7793556436676136
CSF1R_701_713,Neg15m_NegCTL,0.5699325350028955
CSF1R_701_713,Neg1h_NegCTL,0.463254741709702
CSF1R_701_713,Neg24h_NegCTL,0.0944771458216452
CSF1R_701_713,Neg30m_NegCTL,0.527128592191886
CSF1R_701_713,Neg4h_NegCTL,0.338872347655179
CSF1R_701_713,Neg5m_NegCTL,0.20337655213440264
CSF1R_701_713,Pos15m_PosCTL,0.979301341990349
CSF1R_701_713,Pos1h_PosCTL,0.4797512158646781
CSF1R_701_713,Pos24h_PosCTL,0.05363947219444576
CSF1R_701_713,Pos30m_PosCTL,0.8796526266380033
CSF1R_701_713,Pos4h_PosCTL,0.6344561528923899
CSF1R_701_713,Pos5m_PosCTL,0.8552171651153238
DESP_2842_2854,Neg15m_NegCTL,0.5236528908861837
DESP_2842_2854,Neg1h_NegCTL,0.5397726460411265
DESP_2842_2854,Neg24h_NegCTL,-0.14560539303417208
DESP_2842_2854,Neg30m_NegCTL,0.5002076838065603
DESP_2842_2854,Neg4h_NegCTL,0.34316453917916656
DESP_2842_2854,Neg5m_NegCTL,0.21920366248358292
DESP_2842_2854,Pos15m_PosCTL,1.453206604068347
DESP_2842_2854,Pos1h_PosCTL,0.5841515072816682
DESP_2842_2854,Pos24h_PosCTL,-0.06605507463888274
DESP_2842_2854,Pos30m_PosCTL,1.3980447516316366
DESP_2842_2854,Pos4h_PosCTL,1.0096071825362227
DESP_2842_2854,Pos5m_PosCTL,1.208956685166335
EPB42_241_253,Neg15m_NegCTL,0.6910514851538739
EPB42_241_253,Neg1h_NegCTL,0.5123559309586782
EPB42_241_253,Neg24h_NegCTL,-0.12472035776779104
EPB42_241_253,Neg30m_NegCTL,0.6402237987690382
EPB42_241_253,Neg4h_NegCTL,0.2584573835125834
EPB42_241_253,Neg5m_NegCTL,0.3682886900644696
EPB42_241_253,Pos15m_PosCTL,1.2991594345216708
EPB42_241_253,Pos1h_PosCTL,0.5812300550215355
EPB42_241_253,Pos24h_PosCTL,0.03206041503068253
EPB42_241_253,Pos30m_PosCTL,1.168965892721454
EPB42_241_253,Pos4h_PosCTL,1.008485154745084
EPB42_241_253,Pos5m_PosCTL,1.018317733375559
ERBB2_679_691,Neg15m_NegCTL,0.08245297649060213
ERBB2_679_691,Neg1h_NegCTL,-0.03920312752739126
ERBB2_679_691,Neg24h_NegCTL,0.17914582214113456
ERBB2_679_691,Neg30m_NegCTL,-0.08056985859492134
ERBB2_679_691,Neg4h_NegCTL,0.00165614642002864
ERBB2_679_691,Neg5m_NegCTL,0.22917050601445743
ERBB2_679_691,Pos15m_PosCTL,0.11066746774728622
ERBB2_679_691,Pos1h_PosCTL,0.04489791317257168
ERBB2_679_691,Pos24h_PosCTL,0.3076713001662963
ERBB2_679_691,Pos30m_PosCTL,0.23889849031002977
ERBB2_679_691,Pos4h_PosCTL,0.01722796155520889
ERBB2_679_691,Pos5m_PosCTL,0.16918215367092415
ERF_519_531,Neg15m_NegCTL,0.24602179233063587
ERF_519_531,Neg1h_NegCTL,0.06282945261564343
ERF_519_531,Neg24h_NegCTL,0.04249450573688811
ERF_519_531,Neg30m_NegCTL,-0.05473259891160431
ERF_519_531,Neg4h_NegCTL,-0.08856530582498016
ERF_519_531,Neg5m_NegCTL,0.3285546647470647
ERF_519_531,Pos15m_PosCTL,0.2805093497175936
ERF_519_531,Pos1h_PosCTL,0.4191954841138653
ERF_519_531,Pos24h_PosCTL,-0.21002828369999835
ERF_519_531,Pos30m_PosCTL,0.37958342839185344
ERF_519_531,Pos4h_PosCTL,0.14510425550486397
ERF_519_531,Pos5m_PosCTL,0.1774803363434166
ESR1_160_172,Neg15m_NegCTL,0.4545939964245526
ESR1_160_172,Neg1h_NegCTL,0.23408196773683976
ESR1_160_172,Neg24h_NegCTL,0.04348991937797386
ESR1_160_172,Neg30m_NegCTL,0.20250924612128784
ESR1_160_172,Neg4h_NegCTL,0.17695707888924872
ESR1_160_172,Neg5m_NegCTL,0.1926622703588592
ESR1_160_172,Pos15m_PosCTL,0.5625344766310262
ESR1_160_172,Pos1h_PosCTL,0.33689460207150645
ESR1_160_172,Pos24h_PosCTL,-0.09485605030055844
ESR1_160_172,Pos30m_PosCTL,0.4706190679481222
ESR1_160_172,Pos4h_PosCTL,0.27172791010756353
ESR1_160_172,Pos5m_PosCTL,0.5733713312243905
EZH2_305_317,Neg15m_NegCTL,0.7661201090480091
EZH2_305_317,Neg1h_NegCTL,0.6202807441508588
EZH2_305_317,Neg24h_NegCTL,0.05462307962136373
EZH2_305_317,Neg30m_NegCTL,0.7079384225472601
EZH2_305_317,Neg4h_NegCTL,0.43506119358324735
EZH2_305_317,Neg5m_NegCTL,0.09897044491933588
EZH2_305_317,Pos15m_PosCTL,0.98492874381052
EZH2_305_317,Pos1h_PosCTL,0.5820155082479207
EZH2_305_317,Pos24h_PosCTL,-0.14275602418104327
EZH2_305_317,Pos30m_PosCTL,0.8963307453659471
EZH2_305_317,Pos4h_PosCTL,0.7692610491996836
EZH2_305_317,Pos5m_PosCTL,1.0446607472465734
FIBA_569_581,Neg15m_NegCTL,0.01652594652777495
FIBA_569_581,Neg1h_NegCTL,-0.12199863049625304
FIBA_569_581,Neg24h_NegCTL,-0.15668796260484924
FIBA_569_581,Neg30m_NegCTL,-0.11886451026540476
FIBA_569_581,Neg4h_NegCTL,-0.13083756982136813
FIBA_569_581,Neg5m_NegCTL,0.21965695462402124
FIBA_569_581,Pos15m_PosCTL,0.10567807719699474
FIBA_569_581,Pos1h_PosCTL,0.01285538876377974
FIBA_569_581,Pos24h_PosCTL,-0.2126886385248265
FIBA_569_581,Pos30m_PosCTL,0.19498628565464937
FIBA_569_581,Pos4h_PosCTL,0.2583076516064038
FIBA_569_581,Pos5m_PosCTL,0.17503783594315703
FOXO3_25_37,Neg15m_NegCTL,0.16507844362177335
FOXO3_25_37,Neg1h_NegCTL,-0.1674170818939403
FOXO3_25_37,Neg24h_NegCTL,-0.22671128922799227
FOXO3_25_37,Neg30m_NegCTL,0.03621257295904545
FOXO3_25_37,Neg4h_NegCTL,-0.17899757536641658
FOXO3_25_37,Neg5m_NegCTL,0.27639885592400965
FOXO3_25_37,Pos15m_PosCTL,0.09513380299821549
FOXO3_25_37,Pos1h_PosCTL,-0.11303183559337408
FOXO3_25_37,Pos24h_PosCTL,-0.07310911682417309
FOXO3_25_37,Pos30m_PosCTL,0.04314510401232911
FOXO3_25_37,Pos4h_PosCTL,-0.02286282017724576
FOXO3_25_37,Pos5m_PosCTL,0.07163909682273703
FRAP_2443_2455,Neg15m_NegCTL,0.19459787851864735
FRAP_2443_2455,Neg1h_NegCTL,0.01106967909112525
FRAP_2443_2455,Neg24h_NegCTL,0.02895419838969398
FRAP_2443_2455,Neg30m_NegCTL,0.0403804865313931
FRAP_2443_2455,Neg4h_NegCTL,0.02812007410934867
FRAP_2443_2455,Neg5m_NegCTL,0.10083696034115729
FRAP_2443_2455,Pos15m_PosCTL,0.517314515754831
FRAP_2443_2455,Pos1h_PosCTL,0.07594260934526739
FRAP_2443_2455,Pos24h_PosCTL,-0.21683799394231568
FRAP_2443_2455,Pos30m_PosCTL,0.5715263293543881
FRAP_2443_2455,Pos4h_PosCTL,0.24722353772456587
FRAP_2443_2455,Pos5m_PosCTL,0.4578240862712333
GBF1_1331_1343,Neg15m_NegCTL,0.09441678629402632
GBF1_1331_1343,Neg1h_NegCTL,-0.14732913979125567
GBF1_1331_1343,Neg24h_NegCTL,0.27222611634070343
GBF1_1331_1343,Neg30m_NegCTL,-0.03395304057349173
GBF1_1331_1343,Neg4h_NegCTL,-0.07212799914978132
GBF1_1331_1343,Neg5m_NegCTL,0.00761678027726523
GBF1_1331_1343,Pos15m_PosCTL,-0.5716969267841455
GBF1_1331_1343,Pos1h_PosCTL,-0.310724808661083
GBF1_1331_1343,Pos24h_PosCTL,-0.2776952108913511
GBF1_1331_1343,Pos30m_PosCTL,-0.6035814675133634
GBF1_1331_1343,Pos4h_PosCTL,-0.23806340226981648
GBF1_1331_1343,Pos5m_PosCTL,-0.25315835313281065
GPR6_349_361,Neg15m_NegCTL,0.32242243002872445
GPR6_349_361,Neg1h_NegCTL,-0.08681523385444123
GPR6_349_361,Neg24h_NegCTL,0.01689579505220913
GPR6_349_361,Neg30m_NegCTL,0.00177797007542176
GPR6_349_361,Neg4h_NegCTL,0.01161101820034606
GPR6_349_361,Neg5m_NegCTL,0.20064943962181037
GPR6_349_361,Pos15m_PosCTL,0.322065362322103
GPR6_349_361,Pos1h_PosCTL,0.05645040183836099
GPR6_349_361,Pos24h_PosCTL,-0.0191546226025269
GPR6_349_361,Pos30m_PosCTL,0.35459147266993407
GPR6_349_361,Pos4h_PosCTL,0.1446030870873066
GPR6_349_361,Pos5m_PosCTL,0.223600834691549
GPSM2_394_406,Neg15m_NegCTL,0.6122487879996656
GPSM2_394_406,Neg1h_NegCTL,0.5908216844504279
GPSM2_394_406,Neg24h_NegCTL,0.05133732124418966
GPSM2_394_406,Neg30m_NegCTL,0.6656902833205424
GPSM2_394_406,Neg4h_NegCTL,0.3662770898088012
GPSM2_394_406,Neg5m_NegCTL,0.23314681591478512
GPSM2_394_406,Pos15m_PosCTL,1.301085908494218
GPSM2_394_406,Pos1h_PosCTL,0.6857600035411284
GPSM2_394_406,Pos24h_PosCTL,0.06100523847779282
GPSM2_394_406,Pos30m_PosCTL,1.1129895430006371
GPSM2_394_406,Pos4h_PosCTL,1.0369994169400496
GPSM2_394_406,Pos5m_PosCTL,1.2301665503989587
GSUB_61_73,Neg15m_NegCTL,0.2292523625597589
GSUB_61_73,Neg1h_NegCTL,-0.15471255950627297
GSUB_61_73,Neg24h_NegCTL,-0.1648101404167388
GSUB_61_73,Neg30m_NegCTL,0.10946982513767298
GSUB_61_73,Neg4h_NegCTL,-0.1243710760552649
GSUB_61_73,Neg5m_NegCTL,0.2594768521356106
GSUB_61_73,Pos15m_PosCTL,0.2367735489333036
GSUB_61_73,Pos1h_PosCTL,0.03072934381812923
GSUB_61_73,Pos24h_PosCTL,0.06133017624516856
GSUB_61_73,Pos30m_PosCTL,0.11160901030463824
GSUB_61_73,Pos4h_PosCTL,0.1089941993251721
GSUB_61_73,Pos5m_PosCTL,0.11393549285322369
GYS2_1_13,Neg15m_NegCTL,0.17632916841961271
GYS2_1_13,Neg1h_NegCTL,-0.02893004833426597
GYS2_1_13,Neg24h_NegCTL,-0.2706282915565594
GYS2_1_13,Neg30m_NegCTL,-0.07792162601217742
GYS2_1_13,Neg4h_NegCTL,-0.19815611722329804
GYS2_1_13,Neg5m_NegCTL,0.3987625689761005
GYS2_1_13,Pos15m_PosCTL,0.01511081502898235
GYS2_1_13,Pos1h_PosCTL,-0.04231598222643769
GYS2_1_13,Pos24h_PosCTL,-0.07903048772171524
GYS2_1_13,Pos30m_PosCTL,0.04819523534827101
GYS2_1_13,Pos4h_PosCTL,-0.00520366101287688
GYS2_1_13,Pos5m_PosCTL,0.14319100143651475
H2B1B_ 27_40,Neg15m_NegCTL,0.23839009319937343
H2B1B_ 27_40,Neg1h_NegCTL,-0.05838698897843297
H2B1B_ 27_40,Neg24h_NegCTL,0.10473473926482237
H2B1B_ 27_40,Neg30m_NegCTL,-0.03637389917061787
H2B1B_ 27_40,Neg4h_NegCTL,-0.04057686946366819
H2B1B_ 27_40,Neg5m_NegCTL,0.23805230336254488
H2B1B_ 27_40,Pos15m_PosCTL,0.20543042339094136
H2B1B_ 27_40,Pos1h_PosCTL,0.03260709304899241
H2B1B_ 27_40,Pos24h_PosCTL,0.10639274051088304
H2B1B_ 27_40,Pos30m_PosCTL,0.3515417354803819
H2B1B_ 27_40,Pos4h_PosCTL,0.05888006145370372
H2B1B_ 27_40,Pos5m_PosCTL,0.23522898618339175
H32_3_18,Neg15m_NegCTL,0.28487551603057515
H32_3_18,Neg1h_NegCTL,-0.02966587048967669
H32_3_18,Neg24h_NegCTL,0.15946803424344164
H32_3_18,Neg30m_NegCTL,0.07002431268427114
H32_3_18,Neg4h_NegCTL,-0.01026681376925136
H32_3_18,Neg5m_NegCTL,0.02781737924544902
H32_3_18,Pos15m_PosCTL,0.07910936346869443
H32_3_18,Pos1h_PosCTL,0.09435542714087486
H32_3_18,Pos24h_PosCTL,0.20495061532541095
H32_3_18,Pos30m_PosCTL,0.20328162056822813
H32_3_18,Pos4h_PosCTL,0.08996017736343939
H32_3_18,Pos5m_PosCTL,0.0933151215496455
IF4E_203_215,Neg15m_NegCTL,0.24436860128475055
IF4E_203_215,Neg1h_NegCTL,-0.16648583407526582
IF4E_203_215,Neg24h_NegCTL,-0.25661917342346435
IF4E_203_215,Neg30m_NegCTL,-0.01528670987579043
IF4E_203_215,Neg4h_NegCTL,-0.1928563709568388
IF4E_203_215,Neg5m_NegCTL,0.282137449581296
IF4E_203_215,Pos15m_PosCTL,0.0537237051705528
IF4E_203_215,Pos1h_PosCTL,-0.03699230533995153
IF4E_203_215,Pos24h_PosCTL,-0.13897843410435673
IF4E_203_215,Pos30m_PosCTL,0.16841304288225817
IF4E_203_215,Pos4h_PosCTL,0.06174191125771837
IF4E_203_215,Pos5m_PosCTL,0.16706225669111033
IRS1_788_800,Neg15m_NegCTL,0.38975196921851385
IRS1_788_800,Neg1h_NegCTL,-0.03177657861842024
IRS1_788_800,Neg24h_NegCTL,-0.03819314532579761
IRS1_788_800,Neg30m_NegCTL,0.27902852231558484
IRS1_788_800,Neg4h_NegCTL,-0.13408915756764875
IRS1_788_800,Neg5m_NegCTL,0.4752230592127997
IRS1_788_800,Pos15m_PosCTL,0.01981250193473964
IRS1_788_800,Pos1h_PosCTL,-0.05714665302902114
IRS1_788_800,Pos24h_PosCTL,0.02202355581968262
IRS1_788_800,Pos30m_PosCTL,0.03411301906283448
IRS1_788_800,Pos4h_PosCTL,0.06276641045833742
IRS1_788_800,Pos5m_PosCTL,-0.00634753582219064
K6PL_766_778,Neg15m_NegCTL,-0.6149116331390907
K6PL_766_778,Neg30m_NegCTL,-0.25078351088161843
K6PL_766_778,Neg5m_NegCTL,0.02508753290012426
K6PL_766_778,Pos1h_PosCTL,-0.11899827853053029
K6PL_766_778,Pos24h_PosCTL,-0.1769738535060424
K6PL_766_778,Pos4h_PosCTL,-0.12522795918963858
KAP2_92_104,Neg15m_NegCTL,0.3464898862607993
KAP2_92_104,Neg1h_NegCTL,0.5229444916291769
KAP2_92_104,Neg24h_NegCTL,0.00490897999672559
KAP2_92_104,Neg30m_NegCTL,0.3545383846177108
KAP2_92_104,Neg4h_NegCTL,0.3635282883363032
KAP2_92_104,Neg5m_NegCTL,-0.01053357364018777
KAP2_92_104,Pos15m_PosCTL,1.0582349049516715
KAP2_92_104,Pos1h_PosCTL,0.5738257478208778
KAP2_92_104,Pos24h_PosCTL,-0.12146877580651456
KAP2_92_104,Pos30m_PosCTL,1.0027730016932337
KAP2_92_104,Pos4h_PosCTL,0.6918040625380625
KAP2_92_104,Pos5m_PosCTL,0.9781068319431606
KAP3_107_119,Neg15m_NegCTL,0.36582879954410547
KAP3_107_119,Neg1h_NegCTL,0.6501086534452464
KAP3_107_119,Neg24h_NegCTL,0.05001999875580528
KAP3_107_119,Neg30m_NegCTL,0.5976548419326994
KAP3_107_119,Neg4h_NegCTL,0.4373902244222461
KAP3_107_119,Neg5m_NegCTL,-0.01579466210632141
KAP3_107_119,Pos1h_PosCTL,0.5294267901395807
KAP3_107_119,Pos24h_PosCTL,0.00377281485844408
KAP3_107_119,Pos4h_PosCTL,0.6448266668925484
KAPCG_192_206,Neg15m_NegCTL,0.07466596386482749
KAPCG_192_206,Neg1h_NegCTL,0.14212240785379365
KAPCG_192_206,Neg24h_NegCTL,0.13151311925656728
KAPCG_192_206,Neg30m_NegCTL,-0.02739148808860658
KAPCG_192_206,Neg4h_NegCTL,0.020216068004746
KAPCG_192_206,Neg5m_NegCTL,0.05036755136614376
KAPCG_192_206,Pos15m_PosCTL,0.0379678138091369
KAPCG_192_206,Pos1h_PosCTL,0.07512125380063524
KAPCG_192_206,Pos24h_PosCTL,-0.14380007907826037
KAPCG_192_206,Pos30m_PosCTL,0.15054149396274466
KAPCG_192_206,Pos4h_PosCTL,0.01013623443491308
KAPCG_192_206,Pos5m_PosCTL,0.09721976713151588
KCC2G_278_289,Neg15m_NegCTL,0.20210866404872663
KCC2G_278_289,Neg1h_NegCTL,-0.00780153958327112
KCC2G_278_289,Neg24h_NegCTL,0.12331709695800176
KCC2G_278_289,Neg30m_NegCTL,0.14149894085485704
KCC2G_278_289,Neg4h_NegCTL,0.02400131196717906
KCC2G_278_289,Neg5m_NegCTL,0.11396790075474827
KCC2G_278_289,Pos15m_PosCTL,0.01479926336376606
KCC2G_278_289,Pos1h_PosCTL,-0.1948640715746735
KCC2G_278_289,Pos24h_PosCTL,0.18508547803198783
KCC2G_278_289,Pos30m_PosCTL,0.21247662574302212
KCC2G_278_289,Pos4h_PosCTL,0.19252935617284123
KCC2G_278_289,Pos5m_PosCTL,-0.07347014185127274
KCNA1_438_450,Neg15m_NegCTL,0.7936395760904196
KCNA1_438_450,Neg1h_NegCTL,0.714384802113354
KCNA1_438_450,Neg24h_NegCTL,0.08064146739098366
KCNA1_438_450,Neg30m_NegCTL,0.8048914325410852
KCNA1_438_450,Neg4h_NegCTL,0.49038575483436464
KCNA1_438_450,Neg5m_NegCTL,0.3762202952528805
KCNA1_438_450,Pos15m_PosCTL,1.1940474236077243
KCNA1_438_450,Pos1h_PosCTL,0.5668190046611447
KCNA1_438_450,Pos24h_PosCTL,-0.2017715516823172
KCNA1_438_450,Pos30m_PosCTL,1.145058390622398
KCNA1_438_450,Pos4h_PosCTL,0.7444442132044292
KCNA1_438_450,Pos5m_PosCTL,1.0638496709684686
KCNA2_442_454,Neg15m_NegCTL,0.46915319055246424
KCNA2_442_454,Neg1h_NegCTL,0.16191178299391082
KCNA2_442_454,Neg24h_NegCTL,0.04112409470404307
KCNA2_442_454,Neg30m_NegCTL,0.1541391000258594
KCNA2_442_454,Neg4h_NegCTL,0.152395729585287
KCNA2_442_454,Neg5m_NegCTL,0.26703412802827425
KCNA2_442_454,Pos15m_PosCTL,0.6509368404217231
KCNA2_442_454,Pos1h_PosCTL,0.28272837641137877
KCNA2_442_454,Pos24h_PosCTL,-0.08939978769669979
KCNA2_442_454,Pos30m_PosCTL,0.6050545769823756
KCNA2_442_454,Pos4h_PosCTL,0.3516715580465369
KCNA2_442_454,Pos5m_PosCTL,0.5337463533903618
KCNA3_461_473,Neg15m_NegCTL,0.3878168774586157
KCNA3_461_473,Neg1h_NegCTL,0.11483277485164724
KCNA3_461_473,Neg24h_NegCTL,0.1117803979672587
KCNA3_461_473,Neg30m_NegCTL,0.2329527627469948
KCNA3_461_473,Neg4h_NegCTL,0.025332636467397
KCNA3_461_473,Neg5m_NegCTL,0.3773354210102541
KCNA3_461_473,Pos15m_PosCTL,0.25828812384677224
KCNA3_461_473,Pos1h_PosCTL,0.25953363450851413
KCNA3_461_473,Pos24h_PosCTL,-0.08856400028035664
KCNA3_461_473,Pos30m_PosCTL,0.2720143429726797
KCNA3_461_473,Pos4h_PosCTL,0.21126819666598468
KCNA3_461_473,Pos5m_PosCTL,0.2004590589988015
KCNB1_489_501,Neg15m_NegCTL,0.03876788269673881
KCNB1_489_501,Neg1h_NegCTL,-0.07718630086853265
KCNB1_489_501,Neg24h_NegCTL,-0.09086345474749832
KCNB1_489_501,Neg30m_NegCTL,0.01737828912709134
KCNB1_489_501,Neg4h_NegCTL,-0.07685544108315263
KCNB1_489_501,Neg5m_NegCTL,0.07819346684467021
KCNB1_489_501,Pos15m_PosCTL,0.3557309416641929
KCNB1_489_501,Pos1h_PosCTL,0.27286354850873656
KCNB1_489_501,Pos24h_PosCTL,-0.2654759700240928
KCNB1_489_501,Pos30m_PosCTL,0.49329443702417414
KCNB1_489_501,Pos4h_PosCTL,0.3433375854057612
KCNB1_489_501,Pos5m_PosCTL,0.409033483434946
KCNH2_277_289,Neg15m_NegCTL,0.9186777849725262
KCNH2_277_289,Neg1h_NegCTL,0.8787072348695268
KCNH2_277_289,Neg24h_NegCTL,0.03848157801576887
KCNH2_277_289,Neg30m_NegCTL,1.011588297423378
KCNH2_277_289,Neg4h_NegCTL,0.5361526788145241
KCNH2_277_289,Neg5m_NegCTL,-0.04108909112884589
KCNH2_277_289,Pos15m_PosCTL,1.2729223807838306
KCNH2_277_289,Pos1h_PosCTL,0.7362145260921231
KCNH2_277_289,Pos24h_PosCTL,-0.08203947279881105
KCNH2_277_289,Pos30m_PosCTL,1.1674354904977875
KCNH2_277_289,Pos4h_PosCTL,0.9117413262902266
KCNH2_277_289,Pos5m_PosCTL,1.1465651675119648
KIF2C_105_118_S106G,Neg15m_NegCTL,0.3333040384761408
KIF2C_105_118_S106G,Neg1h_NegCTL,-0.0520150100832127
KIF2C_105_118_S106G,Neg24h_NegCTL,0.21421974937007232
KIF2C_105_118_S106G,Neg30m_NegCTL,0.03004118844538261
KIF2C_105_118_S106G,Neg4h_NegCTL,0.07197889768856727
KIF2C_105_118_S106G,Neg5m_NegCTL,0.3338127553553119
KIF2C_105_118_S106G,Pos15m_PosCTL,0.15689291966183855
KIF2C_105_118_S106G,Pos1h_PosCTL,0.03462869152621135
KIF2C_105_118_S106G,Pos24h_PosCTL,0.1941593891000153
KIF2C_105_118_S106G,Pos30m_PosCTL,0.29037268732297683
KIF2C_105_118_S106G,Pos4h_PosCTL,0.12549035930025157
KIF2C_105_118_S106G,Pos5m_PosCTL,0.11099592382042782
KPB1_1011_1023,Neg15m_NegCTL,0.8691475461907491
KPB1_1011_1023,Neg1h_NegCTL,0.8478807142007915
KPB1_1011_1023,Neg24h_NegCTL,0.05236201499129814
KPB1_1011_1023,Neg30m_NegCTL,0.8645343397167622
KPB1_1011_1023,Neg4h_NegCTL,0.5461402582280656
KPB1_1011_1023,Neg5m_NegCTL,0.09694459256651142
KPB1_1011_1023,Pos15m_PosCTL,1.4042932902186684
KPB1_1011_1023,Pos1h_PosCTL,0.7796758109584138
KPB1_1011_1023,Pos24h_PosCTL,-0.09245462839171736
KPB1_1011_1023,Pos30m_PosCTL,1.3035205399065586
KPB1_1011_1023,Pos4h_PosCTL,0.8641925620439336
KPB1_1011_1023,Pos5m_PosCTL,1.247827566299825
KS6A1_374_386,Neg15m_NegCTL,0.08229256017905584
KS6A1_374_386,Neg1h_NegCTL,-0.08560078417484422
KS6A1_374_386,Neg24h_NegCTL,0.05336516451759513
KS6A1_374_386,Neg30m_NegCTL,-0.03655919606753599
KS6A1_374_386,Neg4h_NegCTL,-0.13494113661966653
KS6A1_374_386,Neg5m_NegCTL,0.1892595750509427
KS6A1_374_386,Pos15m_PosCTL,-0.00282013636730096
KS6A1_374_386,Pos1h_PosCTL,-0.06336975861523117
KS6A1_374_386,Pos24h_PosCTL,-0.05852632140417846
KS6A1_374_386,Pos30m_PosCTL,-0.05542388217179983
KS6A1_374_386,Pos4h_PosCTL,-0.04691368409404095
KS6A1_374_386,Pos5m_PosCTL,-0.11261978237914712
LIPS_944_956,Neg15m_NegCTL,0.6297375692372539
LIPS_944_956,Neg1h_NegCTL,0.5858443771354386
LIPS_944_956,Neg24h_NegCTL,0.0243240918641252
LIPS_944_956,Neg30m_NegCTL,0.5979882680729188
LIPS_944_956,Neg4h_NegCTL,0.373569590864222
LIPS_944_956,Neg5m_NegCTL,0.16890105832362445
LIPS_944_956,Pos1h_PosCTL,0.5620699702012134
LIPS_944_956,Pos24h_PosCTL,-0.07506841087198168
LIPS_944_956,Pos4h_PosCTL,0.6041812252972102
LMNB1_16_28,Neg15m_NegCTL,0.5093486948802218
LMNB1_16_28,Neg1h_NegCTL,-0.26785156037171315
LMNB1_16_28,Neg24h_NegCTL,0.33402768640669667
LMNB1_16_28,Neg30m_NegCTL,-0.26323092575020024
LMNB1_16_28,Neg4h_NegCTL,-0.211281963278722
LMNB1_16_28,Neg5m_NegCTL,1.568401147471459
LMNB1_16_28,Pos15m_PosCTL,0.00248757162366538
LMNB1_16_28,Pos1h_PosCTL,0.03409930963629589
LMNB1_16_28,Pos24h_PosCTL,-0.14736907604042937
LMNB1_16_28,Pos30m_PosCTL,0.19106267558134307
LMNB1_16_28,Pos4h_PosCTL,-0.27898531542381055
LMNB1_16_28,Pos5m_PosCTL,0.4927292403940203
MARCS_152_164,Neg15m_NegCTL,0.1690361523414546
MARCS_152_164,Neg1h_NegCTL,-0.11369285281601282
MARCS_152_164,Neg24h_NegCTL,-0.14592606869405272
MARCS_152_164,Neg30m_NegCTL,-0.02334525188521485
MARCS_152_164,Neg4h_NegCTL,-0.12744374007954562
MARCS_152_164,Neg5m_NegCTL,0.05770312947290505
MARCS_152_164,Pos15m_PosCTL,0.2720627674845121
MARCS_152_164,Pos1h_PosCTL,0.1315406814165255
MARCS_152_164,Pos24h_PosCTL,0.06100463769225654
MARCS_152_164,Pos30m_PosCTL,0.19379325951951315
MARCS_152_164,Pos4h_PosCTL,0.03988429344342906
MARCS_152_164,Pos5m_PosCTL,0.1347743135002319
MARCS_160_172,Neg15m_NegCTL,-0.01227762085522212
MARCS_160_172,Neg1h_NegCTL,-0.16975308480208126
MARCS_160_172,Neg24h_NegCTL,-0.11685832910738844
MARCS_160_172,Neg30m_NegCTL,-0.08738975906841992
MARCS_160_172,Neg4h_NegCTL,-0.22260511394244187
MARCS_160_172,Neg5m_NegCTL,0.17338928221383565
MARCS_160_172,Pos15m_PosCTL,0.15225541865135145
MARCS_160_172,Pos1h_PosCTL,-0.0499031536517706
MARCS_160_172,Pos24h_PosCTL,0.01766721232373136
MARCS_160_172,Pos30m_PosCTL,0.23717788876709928
MARCS_160_172,Pos4h_PosCTL,0.20273894646787277
MARCS_160_172,Pos5m_PosCTL,0.1530404166152636
MBP_222_234,Neg15m_NegCTL,0.43693214513309303
MBP_222_234,Neg1h_NegCTL,-0.1271362527622406
MBP_222_234,Neg24h_NegCTL,-0.24007038167154648
MBP_222_234,Neg30m_NegCTL,-0.03300879772894483
MBP_222_234,Neg4h_NegCTL,-0.23312465690664175
MBP_222_234,Neg5m_NegCTL,0.6267144241911572
MBP_222_234,Pos15m_PosCTL,-0.13892952554455018
MBP_222_234,Pos1h_PosCTL,-0.0969915002743651
MBP_222_234,Pos24h_PosCTL,-0.07233033573163392
MBP_222_234,Pos30m_PosCTL,-0.02327700378845509
MBP_222_234,Pos4h_PosCTL,-0.1416239324216487
MBP_222_234,Pos5m_PosCTL,0.13774685604152823
MP2K1_287_299,Neg15m_NegCTL,0.27865028869270014
MP2K1_287_299,Neg1h_NegCTL,-0.0811371488181069
MP2K1_287_299,Neg24h_NegCTL,-0.23416043053848704
MP2K1_287_299,Neg30m_NegCTL,0.1373983435412039
MP2K1_287_299,Neg4h_NegCTL,-0.21530254360460108
MP2K1_287_299,Neg5m_NegCTL,0.38736805526243767
MP2K1_287_299,Pos15m_PosCTL,-0.06025838662322099
MP2K1_287_299,Pos1h_PosCTL,-0.10988255053460438
MP2K1_287_299,Pos24h_PosCTL,-0.1875630076065589
MP2K1_287_299,Pos30m_PosCTL,-0.04808540165365057
MP2K1_287_299,Pos4h_PosCTL,-0.05021807151520423
MP2K1_287_299,Pos5m_PosCTL,-0.01654772371013724
MPIP1_172_184,Neg15m_NegCTL,0.6543724342578958
MPIP1_172_184,Neg1h_NegCTL,-0.02317585395792469
MPIP1_172_184,Neg24h_NegCTL,-0.02492950834233878
MPIP1_172_184,Neg30m_NegCTL,0.5052828447815445
MPIP1_172_184,Neg4h_NegCTL,-0.11611350724583028
MPIP1_172_184,Neg5m_NegCTL,0.7674698289180707
MPIP1_172_184,Pos15m_PosCTL,-0.07804431804379805
MPIP1_172_184,Pos1h_PosCTL,-0.07404244371907578
MPIP1_172_184,Pos24h_PosCTL,0.00897375129826845
MPIP1_172_184,Pos30m_PosCTL,0.03173448033954784
MPIP1_172_184,Pos4h_PosCTL,0.04398542732114604
MPIP1_172_184,Pos5m_PosCTL,-0.04662356320856749
MPIP3_208_220,Neg15m_NegCTL,0.07651473513754681
MPIP3_208_220,Neg1h_NegCTL,0.04303902661294589
MPIP3_208_220,Neg24h_NegCTL,0.04398988230793307
MPIP3_208_220,Neg30m_NegCTL,-0.14411436579992437
MPIP3_208_220,Neg4h_NegCTL,0.00404126378769698
MPIP3_208_220,Neg5m_NegCTL,0.1914756723774055
MPIP3_208_220,Pos15m_PosCTL,0.03586870935376322
MPIP3_208_220,Pos1h_PosCTL,-0.2666869762733966
MPIP3_208_220,Pos24h_PosCTL,-0.20130022457170385
MPIP3_208_220,Pos30m_PosCTL,0.1900109736314848
MPIP3_208_220,Pos4h_PosCTL,0.450529505325442
MPIP3_208_220,Pos5m_PosCTL,0.24031057734528097
MYL9_14_26,Neg15m_NegCTL,0.17576897634326905
MYL9_14_26,Neg1h_NegCTL,-0.08902050891594844
MYL9_14_26,Neg24h_NegCTL,-0.12232707823061104
MYL9_14_26,Neg30m_NegCTL,0.00818465750307713
MYL9_14_26,Neg4h_NegCTL,-0.12580279200187702
MYL9_14_26,Neg5m_NegCTL,0.3112663020269455
MYL9_14_26,Pos15m_PosCTL,-0.00775517408234331
MYL9_14_26,Pos1h_PosCTL,-1.5551322009106178e-4
MYL9_14_26,Pos24h_PosCTL,-0.01233893982076672
MYL9_14_26,Pos30m_PosCTL,-0.00136585233884822
MYL9_14_26,Pos4h_PosCTL,0.0747743972876164
MYL9_14_26,Pos5m_PosCTL,0.05999743650503516
MYPC3_268_280,Neg15m_NegCTL,0.7416659908901467
MYPC3_268_280,Neg1h_NegCTL,0.6147102494521365
MYPC3_268_280,Neg24h_NegCTL,-0.05286155066019304
MYPC3_268_280,Neg30m_NegCTL,0.8322583188112365
MYPC3_268_280,Neg4h_NegCTL,0.42143052767338673
MYPC3_268_280,Neg5m_NegCTL,0.28017306729538183
NCF1_296_308,Neg15m_NegCTL,0.4740149535974568
NCF1_296_308,Neg1h_NegCTL,0.3799205047376919
NCF1_296_308,Neg24h_NegCTL,0.13856605859058746
NCF1_296_308,Neg30m_NegCTL,0.4040582253379193
NCF1_296_308,Neg4h_NegCTL,0.3136668806568152
NCF1_296_308,Neg5m_NegCTL,0.20624595614586028
NCF1_321_333,Neg15m_NegCTL,0.7382745462272086
NCF1_321_333,Neg1h_NegCTL,0.6622427879376023
NCF1_321_333,Neg24h_NegCTL,0.06237261992594629
NCF1_321_333,Neg30m_NegCTL,0.6683674178118544
NCF1_321_333,Neg4h_NegCTL,0.42062776699550614
NCF1_321_333,Neg5m_NegCTL,0.18832341918283527
NCF1_321_333,Pos15m_PosCTL,1.052616204668772
NCF1_321_333,Pos1h_PosCTL,0.5032673015934416
NCF1_321_333,Pos24h_PosCTL,-0.10903903760856436
NCF1_321_333,Pos30m_PosCTL,0.964861164847882
NCF1_321_333,Pos4h_PosCTL,0.7128328993081924
NCF1_321_333,Pos5m_PosCTL,0.986596671823206
NEK2_172_184,Neg15m_NegCTL,0.47536359444760495
NEK2_172_184,Neg1h_NegCTL,-0.16587989880945417
NEK2_172_184,Neg24h_NegCTL,-0.17955382751735746
NEK2_172_184,Neg30m_NegCTL,0.3503350901867999
NEK2_172_184,Neg4h_NegCTL,-0.1921875641557905
NEK2_172_184,Neg5m_NegCTL,0.5398978479526196
NEK2_172_184,Pos15m_PosCTL,-0.00786155859650428
NEK2_172_184,Pos1h_PosCTL,-0.10967065765642715
NEK2_172_184,Pos24h_PosCTL,-0.14354204268858664
NEK2_172_184,Pos30m_PosCTL,0.06876695564973753
NEK2_172_184,Pos4h_PosCTL,-0.17745495171035142
NEK2_172_184,Pos5m_PosCTL,0.1882562858243698
NEK3_158_170,Neg15m_NegCTL,-0.0312934767024705
NEK3_158_170,Neg1h_NegCTL,-0.20762045684897917
NEK3_158_170,Neg24h_NegCTL,-0.01544947008828767
NEK3_158_170,Neg30m_NegCTL,-0.3710835770870056
NEK3_158_170,Neg4h_NegCTL,-0.22659736060802277
NEK3_158_170,Neg5m_NegCTL,-0.14791176023987931
NEK3_158_170,Pos15m_PosCTL,0.2143697046101701
NEK3_158_170,Pos1h_PosCTL,-0.2177901059518049
NEK3_158_170,Pos24h_PosCTL,-0.4062783646813092
NEK3_158_170,Pos30m_PosCTL,0.3291133431924583
NEK3_158_170,Pos4h_PosCTL,-0.29521910068876817
NEK3_158_170,Pos5m_PosCTL,0.27194692786790114
NFKB1_330_342,Neg15m_NegCTL,0.7509856117272662
NFKB1_330_342,Neg1h_NegCTL,0.6971658182479379
NFKB1_330_342,Neg24h_NegCTL,-0.1250461990812628
NFKB1_330_342,Neg30m_NegCTL,0.7582219295382373
NFKB1_330_342,Neg4h_NegCTL,0.4768577707122971
NFKB1_330_342,Neg5m_NegCTL,0.3007771287923055
NFKB1_330_342,Pos15m_PosCTL,1.2242073477415858
NFKB1_330_342,Pos1h_PosCTL,0.5967072115231945
NFKB1_330_342,Pos24h_PosCTL,-0.03807554106350016
NFKB1_330_342,Pos30m_PosCTL,1.118982622293989
NFKB1_330_342,Pos4h_PosCTL,0.7900809369192944
NFKB1_330_342,Pos5m_PosCTL,1.0838246594663363
NMDZ1_890_902,Neg15m_NegCTL,0.4295896525755805
NMDZ1_890_902,Neg1h_NegCTL,0.16982209623787745
NMDZ1_890_902,Neg24h_NegCTL,0.2063331376817352
NMDZ1_890_902,Neg30m_NegCTL,0.2122328553700541
NMDZ1_890_902,Neg4h_NegCTL,0.1765148632255761
NMDZ1_890_902,Neg5m_NegCTL,0.29275660628352834
NMDZ1_890_902,Pos15m_PosCTL,0.7068309135317978
NMDZ1_890_902,Pos1h_PosCTL,0.26726732235874157
NMDZ1_890_902,Pos24h_PosCTL,0.09029722702196766
NMDZ1_890_902,Pos30m_PosCTL,0.697654005147708
NMDZ1_890_902,Pos4h_PosCTL,0.4553064511442682
NMDZ1_890_902,Pos5m_PosCTL,0.6683340303439707
NOS3_1171_1183,Neg15m_NegCTL,0.3858993257252467
NOS3_1171_1183,Neg1h_NegCTL,-0.04198314035232187
NOS3_1171_1183,Neg24h_NegCTL,0.04356679843503149
NOS3_1171_1183,Neg30m_NegCTL,0.04861790888164329
NOS3_1171_1183,Neg4h_NegCTL,0.07719324773936562
NOS3_1171_1183,Neg5m_NegCTL,0.37328781600596567
NOS3_1171_1183,Pos15m_PosCTL,0.27317442593271696
NOS3_1171_1183,Pos1h_PosCTL,0.02375175889906048
NOS3_1171_1183,Pos24h_PosCTL,0.20165555525285525
NOS3_1171_1183,Pos30m_PosCTL,0.3326515732651926
NOS3_1171_1183,Pos4h_PosCTL,0.21853458352464727
NOS3_1171_1183,Pos5m_PosCTL,0.26792284661468635
NR4A1_344_356,Neg15m_NegCTL,0.1753752181094003
NR4A1_344_356,Neg1h_NegCTL,-0.14657948876996615
NR4A1_344_356,Neg24h_NegCTL,-0.1159190005198664
NR4A1_344_356,Neg30m_NegCTL,0.15497837927966795
NR4A1_344_356,Neg4h_NegCTL,-0.17807208649656067
NR4A1_344_356,Neg5m_NegCTL,0.2106187137303781
NR4A1_344_356,Pos15m_PosCTL,0.14236811326409732
NR4A1_344_356,Pos1h_PosCTL,0.05124131637297383
NR4A1_344_356,Pos24h_PosCTL,0.06570516401100394
NR4A1_344_356,Pos30m_PosCTL,0.13737487676392818
NR4A1_344_356,Pos4h_PosCTL,0.0607126107434004
NR4A1_344_356,Pos5m_PosCTL,0.03473687418234275
P53_308_323,Neg15m_NegCTL,0.2671647867381379
P53_308_323,Neg1h_NegCTL,-0.22012009638238972
P53_308_323,Neg24h_NegCTL,-0.2608319297052164
P53_308_323,Neg30m_NegCTL,0.09882761635369666
P53_308_323,Neg4h_NegCTL,-0.1637542830624608
P53_308_323,Neg5m_NegCTL,0.17822740866302603
P53_308_323,Pos15m_PosCTL,0.16778788612959636
P53_308_323,Pos1h_PosCTL,-0.0874249159974756
P53_308_323,Pos24h_PosCTL,-0.2945023037564572
P53_308_323,Pos30m_PosCTL,0.21540636720687267
P53_308_323,Pos4h_PosCTL,-0.05920973930075283
P53_308_323,Pos5m_PosCTL,0.26618503397562127
PDPK1_235_247,Neg15m_NegCTL,0.21486029026843428
PDPK1_235_247,Neg1h_NegCTL,-0.04407828314606524
PDPK1_235_247,Neg24h_NegCTL,-0.04362250497782968
PDPK1_235_247,Neg30m_NegCTL,-0.01314277483556363
PDPK1_235_247,Neg4h_NegCTL,-0.2115891939371008
PDPK1_235_247,Neg5m_NegCTL,0.27165986660397107
PDPK1_235_247,Pos15m_PosCTL,0.17618819284317794
PDPK1_235_247,Pos1h_PosCTL,-0.05020405339886658
PDPK1_235_247,Pos24h_PosCTL,-0.01941586715960142
PDPK1_235_247,Pos30m_PosCTL,0.32048884792156446
PDPK1_235_247,Pos4h_PosCTL,0.11119661802239585
PDPK1_235_247,Pos5m_PosCTL,0.10371503036185252
PKP1_167_179,Neg15m_NegCTL,0.3560956182230213
PKP1_167_179,Neg1h_NegCTL,-0.04833277662298989
PKP1_167_179,Neg24h_NegCTL,0.2059742548670978
PKP1_167_179,Neg30m_NegCTL,0.0375673612486338
PKP1_167_179,Neg4h_NegCTL,0.03979943741512638
PKP1_167_179,Neg5m_NegCTL,0.32085639568703456
PKP1_167_179,Pos15m_PosCTL,0.0482950425864983
PKP1_167_179,Pos1h_PosCTL,-0.05690709978708774
PKP1_167_179,Pos24h_PosCTL,-0.01041411823115545
PKP1_167_179,Pos30m_PosCTL,0.1497741444970509
PKP1_167_179,Pos4h_PosCTL,0.03161075415438248
PKP1_167_179,Pos5m_PosCTL,0.07808497858333072
PLEK_106_118,Neg15m_NegCTL,0.3150533881449616
PLEK_106_118,Neg1h_NegCTL,0.05300873286257138
PLEK_106_118,Neg24h_NegCTL,0.22832355110051
PLEK_106_118,Neg30m_NegCTL,0.15580085456922296
PLEK_106_118,Neg4h_NegCTL,0.11017144779516976
PLEK_106_118,Neg5m_NegCTL,0.2863570082908448
PLEK_106_118,Pos15m_PosCTL,0.03598282692349208
PLEK_106_118,Pos1h_PosCTL,-0.10005371809011324
PLEK_106_118,Pos24h_PosCTL,0.23352930937293215
PLEK_106_118,Pos30m_PosCTL,0.1270899274232787
PLEK_106_118,Pos4h_PosCTL,0.16508702695536215
PLEK_106_118,Pos5m_PosCTL,-0.02536004456357865
PLM_76_88,Neg15m_NegCTL,0.8272971339086519
PLM_76_88,Neg1h_NegCTL,0.397599264454857
PLM_76_88,Neg24h_NegCTL,-0.10950399133906134
PLM_76_88,Neg30m_NegCTL,0.4792660293968879
PLM_76_88,Neg4h_NegCTL,0.35751422096728075
PLM_76_88,Neg5m_NegCTL,0.7196830408704802
PLM_76_88,Pos15m_PosCTL,1.0951784927064894
PLM_76_88,Pos1h_PosCTL,0.3848687624985976
PLM_76_88,Pos24h_PosCTL,-0.31263013482158836
PLM_76_88,Pos30m_PosCTL,0.8950008259804493
PLM_76_88,Pos4h_PosCTL,0.575259554280259
PLM_76_88,Pos5m_PosCTL,0.948807768795896
PP2AB_297_309,Neg15m_NegCTL,0.14706117523056134
PP2AB_297_309,Neg1h_NegCTL,0.01352212764895632
PP2AB_297_309,Neg24h_NegCTL,0.04585638401388954
PP2AB_297_309,Neg30m_NegCTL,-0.0639317744585548
PP2AB_297_309,Neg4h_NegCTL,-0.04207257206780657
PP2AB_297_309,Neg5m_NegCTL,0.30956829107256756
PP2AB_297_309,Pos15m_PosCTL,0.3752765749954842
PP2AB_297_309,Pos1h_PosCTL,-0.36049252681144334
PP2AB_297_309,Pos24h_PosCTL,-0.11088716091607465
PP2AB_297_309,Pos30m_PosCTL,0.3449703926220293
PP2AB_297_309,Pos4h_PosCTL,-0.2824976426732566
PP2AB_297_309,Pos5m_PosCTL,0.05453541860187849
PPR1A_28_40,Neg15m_NegCTL,0.0693186138773069
PPR1A_28_40,Neg1h_NegCTL,0.01589388485818421
PPR1A_28_40,Neg24h_NegCTL,-0.2899123871809799
PPR1A_28_40,Neg30m_NegCTL,-0.05523990150082951
PPR1A_28_40,Neg4h_NegCTL,-0.09249897958334805
PPR1A_28_40,Neg5m_NegCTL,0.15469363438953315
PPR1A_28_40,Pos15m_PosCTL,0.1941447087180392
PPR1A_28_40,Pos1h_PosCTL,0.03719519651779515
PPR1A_28_40,Pos24h_PosCTL,0.02372608231509598
PPR1A_28_40,Pos30m_PosCTL,0.2668350255862422
PPR1A_28_40,Pos4h_PosCTL,0.0305897422037423
PPR1A_28_40,Pos5m_PosCTL,0.17759153245048093
PRKDC_2618_2630,Neg15m_NegCTL,0.27823429626842106
PRKDC_2618_2630,Neg1h_NegCTL,-0.24302929170446705
PRKDC_2618_2630,Neg24h_NegCTL,-0.3085130091386521
PRKDC_2618_2630,Neg30m_NegCTL,0.04319289913325945
PRKDC_2618_2630,Neg4h_NegCTL,-0.2717181902657784
PRKDC_2618_2630,Neg5m_NegCTL,0.30521019216352957
PRKDC_2618_2630,Pos15m_PosCTL,0.18724168536174624
PRKDC_2618_2630,Pos1h_PosCTL,-0.09163650917415378
PRKDC_2618_2630,Pos24h_PosCTL,-0.09620645004147092
PRKDC_2618_2630,Pos30m_PosCTL,0.25060168801778965
PRKDC_2618_2630,Pos4h_PosCTL,-0.09813030131843568
PRKDC_2618_2630,Pos5m_PosCTL,0.188913795695974
PTK6_436_448,Neg15m_NegCTL,0.6119608216220899
PTK6_436_448,Neg1h_NegCTL,0.5560937992318156
PTK6_436_448,Neg24h_NegCTL,-0.00144526336695468
PTK6_436_448,Neg30m_NegCTL,0.6487583285509851
PTK6_436_448,Neg4h_NegCTL,0.34108052354431173
PTK6_436_448,Neg5m_NegCTL,0.1783935178552903
PTK6_436_448,Pos15m_PosCTL,0.9336130690373536
PTK6_436_448,Pos1h_PosCTL,0.53847835802200394
PTK6_436_448,Pos24h_PosCTL,0.0239929362247615
PTK6_436_448,Pos30m_PosCTL,0.8080242697271499
PTK6_436_448,Pos4h_PosCTL,0.6079520494724763
PTK6_436_448,Pos5m_PosCTL,0.8565230859710393
PTN12_32_44,Neg15m_NegCTL,0.47504668893721735
PTN12_32_44,Neg1h_NegCTL,0.4787914176371846
PTN12_32_44,Neg24h_NegCTL,0.11687199743584652
PTN12_32_44,Neg30m_NegCTL,0.31957442629298577
PTN12_32_44,Neg4h_NegCTL,0.3401844371208688
PTN12_32_44,Neg5m_NegCTL,0.31570370315430196
PTN12_32_44,Pos15m_PosCTL,0.8586777603849539
PTN12_32_44,Pos1h_PosCTL,0.37337192715387424
PTN12_32_44,Pos24h_PosCTL,0.0799325219915108
PTN12_32_44,Pos30m_PosCTL,0.8703628825075652
PTN12_32_44,Pos4h_PosCTL,0.5424418699932984
PTN12_32_44,Pos5m_PosCTL,0.7474914310978615
RADI_559_569,Neg15m_NegCTL,0.14344476306532808
RADI_559_569,Neg1h_NegCTL,-0.3971878774405552
RADI_559_569,Neg24h_NegCTL,-0.2882464765727198
RADI_559_569,Neg30m_NegCTL,0.06620403477936523
RADI_559_569,Neg4h_NegCTL,-0.2738483502920131
RADI_559_569,Neg5m_NegCTL,0.25774947852334423
RADI_559_569,Pos15m_PosCTL,0.30172786858497097
RADI_559_569,Pos1h_PosCTL,-0.2198851713774048
RADI_559_569,Pos24h_PosCTL,-0.07593232688435
RADI_559_569,Pos30m_PosCTL,0.6364728061561689
RADI_559_569,Pos4h_PosCTL,-0.22728272262966875
RADI_559_569,Pos5m_PosCTL,0.274351922175421
RAF1_253_265,Neg15m_NegCTL,0.3216575925107102
RAF1_253_265,Neg1h_NegCTL,0.01916871163777529
RAF1_253_265,Neg24h_NegCTL,0.1949370815381772
RAF1_253_265,Neg30m_NegCTL,0.11293748099268884
RAF1_253_265,Neg4h_NegCTL,0.00247098707086866
RAF1_253_265,Neg5m_NegCTL,0.24279623808346543
RAF1_253_265,Pos15m_PosCTL,0.1134420957970447
RAF1_253_265,Pos1h_PosCTL,-0.0288652199950062
RAF1_253_265,Pos24h_PosCTL,0.0815999568446785
RAF1_253_265,Pos30m_PosCTL,0.21309581578226225
RAF1_253_265,Pos4h_PosCTL,0.04294142054098948
RAF1_253_265,Pos5m_PosCTL,0.0997592932607058
RAP1B_172_184,Neg15m_NegCTL,0.15519368713231815
RAP1B_172_184,Neg1h_NegCTL,-0.05138118924311612
RAP1B_172_184,Neg24h_NegCTL,-0.09614259769797684
RAP1B_172_184,Neg30m_NegCTL,0.00370231824531625
RAP1B_172_184,Neg4h_NegCTL,-0.09485307123700408
RAP1B_172_184,Neg5m_NegCTL,0.13106230012589895
RAP1B_172_184,Pos15m_PosCTL,0.3089177142474936
RAP1B_172_184,Pos1h_PosCTL,0.20579436236804405
RAP1B_172_184,Pos24h_PosCTL,-0.02624801992284157
RAP1B_172_184,Pos30m_PosCTL,0.2979955549306602
RAP1B_172_184,Pos4h_PosCTL,0.23802138639178003
RAP1B_172_184,Pos5m_PosCTL,0.28410767254385344
RBL2_655_667,Neg15m_NegCTL,0.5164951685699476
RBL2_655_667,Neg1h_NegCTL,-0.03815627802927413
RBL2_655_667,Neg24h_NegCTL,0.46046523187690297
RBL2_655_667,Neg30m_NegCTL,0.3017932767289784
RBL2_655_667,Neg4h_NegCTL,0.05799794359455923
RBL2_655_667,Neg5m_NegCTL,0.531555226994698
RBL2_655_667,Pos15m_PosCTL,-0.09161323893796898
RBL2_655_667,Pos1h_PosCTL,-0.12081252598533904
RBL2_655_667,Pos24h_PosCTL,0.12484054995981678
RBL2_655_667,Pos30m_PosCTL,-0.00124412718375072
RBL2_655_667,Pos4h_PosCTL,-0.0413458981667425
RBL2_655_667,Pos5m_PosCTL,-0.03300031917636541
RBM26_833_845,Neg15m_NegCTL,0.35488623816123194
RBM26_833_845,Neg1h_NegCTL,0.10058814322496268
RBM26_833_845,Neg24h_NegCTL,0.3740347816734033
RBM26_833_845,Neg30m_NegCTL,0.20822829210122448
RBM26_833_845,Neg4h_NegCTL,0.20676934473183875
RBM26_833_845,Neg5m_NegCTL,0.07052429882056128
RBM26_833_845,Pos15m_PosCTL,0.3938775497547133
RBM26_833_845,Pos1h_PosCTL,0.3891551684495728
RBM26_833_845,Pos24h_PosCTL,0.15428386394318938
RBM26_833_845,Pos30m_PosCTL,0.37230061763580213
RBM26_833_845,Pos4h_PosCTL,0.4219157725619702
RBM26_833_845,Pos5m_PosCTL,0.3378715284769787
RB_242_254,Neg15m_NegCTL,0.4157185317655522
RB_242_254,Neg1h_NegCTL,-0.1451302674611134
RB_242_254,Neg24h_NegCTL,-0.3684924555837214
RB_242_254,Neg30m_NegCTL,0.24411228325646245
RB_242_254,Neg4h_NegCTL,-0.26529683546031
RB_242_254,Neg5m_NegCTL,0.5437588991546335
RB_242_254,Pos15m_PosCTL,0.03586805103788336
RB_242_254,Pos1h_PosCTL,-0.14675727175765818
RB_242_254,Pos24h_PosCTL,-0.5727608609627985
RB_242_254,Pos30m_PosCTL,0.05676141641724008
RB_242_254,Pos4h_PosCTL,-0.27440611851391594
RB_242_254,Pos5m_PosCTL,0.10706167438529796
RB_350_362,Neg15m_NegCTL,0.18367301076710071
RB_350_362,Neg1h_NegCTL,-0.1729188055389018
RB_350_362,Neg24h_NegCTL,-0.17391033250872923
RB_350_362,Neg30m_NegCTL,0.05218658123595639
RB_350_362,Neg4h_NegCTL,-0.13594237190110517
RB_350_362,Neg5m_NegCTL,0.2838797186713234
RB_350_362,Pos15m_PosCTL,0.22855645646566192
RB_350_362,Pos1h_PosCTL,-0.00633771157027347
RB_350_362,Pos24h_PosCTL,-0.20123122976276075
RB_350_362,Pos30m_PosCTL,0.13478676742813206
RB_350_362,Pos4h_PosCTL,0.00298245895024902
RB_350_362,Pos5m_PosCTL,0.1940658942834004
RB_774_786,Pos15m_PosCTL,0.2083012930696307
RB_774_786,Pos30m_PosCTL,-0.4148689253247983
RB_774_786,Pos5m_PosCTL,-0.28898832854413375
RB_803_815,Neg15m_NegCTL,0.20839716234408873
RB_803_815,Neg1h_NegCTL,-0.1690154725407007
RB_803_815,Neg24h_NegCTL,-0.17296404434601137
RB_803_815,Neg30m_NegCTL,2.7979526334192173e-4
RB_803_815,Neg4h_NegCTL,-0.24385431349665007
RB_803_815,Neg5m_NegCTL,0.5162005860209563
RB_803_815,Pos15m_PosCTL,-0.0616467555047396
RB_803_815,Pos1h_PosCTL,-0.11939346022863352
RB_803_815,Pos24h_PosCTL,0.01432257561314998
RB_803_815,Pos30m_PosCTL,0.07377452907709112
RB_803_815,Pos4h_PosCTL,-0.17848927936425932
RB_803_815,Pos5m_PosCTL,0.07926479867623264
REL_260_272,Neg15m_NegCTL,0.7009191109782499
REL_260_272,Neg1h_NegCTL,0.7865484265257813
REL_260_272,Neg24h_NegCTL,0.11106532567841695
REL_260_272,Neg30m_NegCTL,0.6493658425077923
REL_260_272,Neg4h_NegCTL,0.49787717571427
REL_260_272,Neg5m_NegCTL,-0.1849210079855868
REL_260_272,Pos15m_PosCTL,1.2713173623756957
REL_260_272,Pos1h_PosCTL,0.7129660208139518
REL_260_272,Pos24h_PosCTL,-0.21119421201749883
REL_260_272,Pos30m_PosCTL,1.1098545255477756
REL_260_272,Pos4h_PosCTL,0.8173677729757145
REL_260_272,Pos5m_PosCTL,1.1735378680833155
RIT1_202_214,Neg15m_NegCTL,0.05379152567780387
RIT1_202_214,Neg1h_NegCTL,-0.18999131782399023
RIT1_202_214,Neg24h_NegCTL,-0.01090196533701437
RIT1_202_214,Neg30m_NegCTL,-0.03952529964625621
RIT1_202_214,Neg4h_NegCTL,-0.09966531557283116
RIT1_202_214,Neg5m_NegCTL,0.07048707707680593
RIT1_202_214,Pos15m_PosCTL,0.2049758856676336
RIT1_202_214,Pos1h_PosCTL,0.05432066959986592
RIT1_202_214,Pos24h_PosCTL,0.11873187392813556
RIT1_202_214,Pos30m_PosCTL,0.28258121828659544
RIT1_202_214,Pos4h_PosCTL,0.01541110044112947
RIT1_202_214,Pos5m_PosCTL,0.22740722641670025
ROA1_186_198,Neg15m_NegCTL,0.27278297690450665
ROA1_186_198,Neg1h_NegCTL,-0.1752984705176631
ROA1_186_198,Neg24h_NegCTL,-0.13305655032577857
ROA1_186_198,Neg30m_NegCTL,0.13115328285826125
ROA1_186_198,Neg4h_NegCTL,-0.20328077845995493
ROA1_186_198,Neg5m_NegCTL,0.2676665460695971
ROA1_186_198,Pos15m_PosCTL,0.03691666353967804
ROA1_186_198,Pos1h_PosCTL,0.00587925964937567
ROA1_186_198,Pos24h_PosCTL,-0.16204739037113183
ROA1_186_198,Pos30m_PosCTL,0.1734363536350374
ROA1_186_198,Pos4h_PosCTL,-0.11861248838320086
ROA1_186_198,Pos5m_PosCTL,0.10504350765955787
RS6_228_240,Neg15m_NegCTL,0.5994832889886187
RS6_228_240,Neg1h_NegCTL,0.5376010556589348
RS6_228_240,Neg24h_NegCTL,0.03089218723961373
RS6_228_240,Neg30m_NegCTL,0.6160070749171954
RS6_228_240,Neg4h_NegCTL,0.34069712039737815
RS6_228_240,Neg5m_NegCTL,0.3552878946478352
RS6_228_240,Pos15m_PosCTL,1.0172062823714587
RS6_228_240,Pos1h_PosCTL,0.41078502909481135
RS6_228_240,Pos24h_PosCTL,0.06202457349598885
RS6_228_240,Pos30m_PosCTL,0.9792582373218484
RS6_228_240,Pos4h_PosCTL,0.710043976023997
RS6_228_240,Pos5m_PosCTL,0.8737327732087928
RUNX3_8_20,Neg15m_NegCTL,0.25031905285813494
RUNX3_8_20,Neg1h_NegCTL,-0.05671503001403562
RUNX3_8_20,Neg24h_NegCTL,-0.06548779887682402
RUNX3_8_20,Neg30m_NegCTL,0.08897991884764345
RUNX3_8_20,Neg4h_NegCTL,-0.143038269827002
RUNX3_8_20,Neg5m_NegCTL,0.5666159724993983
RUNX3_8_20,Pos15m_PosCTL,0.03905968746248391
RUNX3_8_20,Pos1h_PosCTL,-0.05698612513390287
RUNX3_8_20,Pos24h_PosCTL,0.03318629074557222
RUNX3_8_20,Pos30m_PosCTL,0.03340490362614488
RUNX3_8_20,Pos4h_PosCTL,0.07710250319624734
RUNX3_8_20,Pos5m_PosCTL,0.02764365425413176
RYR1_4317_4329,Neg15m_NegCTL,0.4733485232559265
RYR1_4317_4329,Neg1h_NegCTL,0.28160145465580744
RYR1_4317_4329,Neg24h_NegCTL,0.2234374711170292
RYR1_4317_4329,Neg30m_NegCTL,0.41839908841799706
RYR1_4317_4329,Neg4h_NegCTL,0.09782049598038758
RYR1_4317_4329,Neg5m_NegCTL,0.5236327354978624
RYR1_4317_4329,Pos15m_PosCTL,0.4666508714598905
RYR1_4317_4329,Pos1h_PosCTL,0.2784187599263174
RYR1_4317_4329,Pos24h_PosCTL,0.17379219737604826
RYR1_4317_4329,Pos30m_PosCTL,0.5311802433081579
RYR1_4317_4329,Pos4h_PosCTL,0.27263841735257
RYR1_4317_4329,Pos5m_PosCTL,0.36282036199602025
SCN7A_898_910,Neg15m_NegCTL,0.6470048682211846
SCN7A_898_910,Neg1h_NegCTL,0.6960463516977647
SCN7A_898_910,Neg24h_NegCTL,-0.07761724151659907
SCN7A_898_910,Neg30m_NegCTL,0.6215883805500214
SCN7A_898_910,Neg4h_NegCTL,0.4708849677349279
SCN7A_898_910,Neg5m_NegCTL,0.08462010204787399
SCN7A_898_910,Pos15m_PosCTL,1.2631472379619406
SCN7A_898_910,Pos1h_PosCTL,0.6378048571776495
SCN7A_898_910,Pos24h_PosCTL,-0.14035214873516288
SCN7A_898_910,Pos30m_PosCTL,1.1868321810212894
SCN7A_898_910,Pos4h_PosCTL,0.8204704301291196
SCN7A_898_910,Pos5m_PosCTL,1.1147649551220766
STK6_283_295,Neg15m_NegCTL,0.13635052044918852
STK6_283_295,Neg1h_NegCTL,0.3845378934547335
STK6_283_295,Neg24h_NegCTL,-0.05420130937117484
STK6_283_295,Neg30m_NegCTL,0.323567732510553
STK6_283_295,Neg4h_NegCTL,0.16436701284490832
STK6_283_295,Neg5m_NegCTL,-0.1687278433453958
STK6_283_295,Pos15m_PosCTL,0.8296557385760561
STK6_283_295,Pos1h_PosCTL,0.5162937231844479
STK6_283_295,Pos24h_PosCTL,0.08108369152275388
STK6_283_295,Pos30m_PosCTL,0.758330764357126
STK6_283_295,Pos4h_PosCTL,0.5393433687584022
STK6_283_295,Pos5m_PosCTL,0.7780136609627117
SV2A_36_48,Neg15m_NegCTL,0.10619156078827471
SV2A_36_48,Neg1h_NegCTL,-0.09969086095180596
SV2A_36_48,Neg24h_NegCTL,-0.07131297305615192
SV2A_36_48,Neg30m_NegCTL,-0.05268925407426354
SV2A_36_48,Neg4h_NegCTL,-0.0927371466948408
SV2A_36_48,Neg5m_NegCTL,0.13475345815736323
SV2A_36_48,Pos15m_PosCTL,0.2997293394028885
SV2A_36_48,Pos1h_PosCTL,0.08491175995040953
SV2A_36_48,Pos24h_PosCTL,0.10667398051110911
SV2A_36_48,Pos30m_PosCTL,0.22867204877278863
SV2A_36_48,Pos4h_PosCTL,0.20378688250910904
SV2A_36_48,Pos5m_PosCTL,0.1482545744726404
TAU_524_536,Neg15m_NegCTL,0.273765887818306
TAU_524_536,Neg1h_NegCTL,-0.06762163233677132
TAU_524_536,Neg24h_NegCTL,-0.15721518400665097
TAU_524_536,Neg30m_NegCTL,-0.07651735490028835
TAU_524_536,Neg4h_NegCTL,-0.3153163269184116
TAU_524_536,Neg5m_NegCTL,0.39262116514980744
TAU_524_536,Pos15m_PosCTL,-0.00757761686263158
TAU_524_536,Pos1h_PosCTL,-0.09219229643520332
TAU_524_536,Pos24h_PosCTL,-0.17232598601015278
TAU_524_536,Pos30m_PosCTL,0.21331775250281088
TAU_524_536,Pos4h_PosCTL,-0.00378006605682422
TAU_524_536,Pos5m_PosCTL,0.14521214930703716
TOP2A_1463_1475,Neg15m_NegCTL,0.617705496452056
TOP2A_1463_1475,Neg1h_NegCTL,0.5757347178400677
TOP2A_1463_1475,Neg24h_NegCTL,0.02188667476659667
TOP2A_1463_1475,Neg30m_NegCTL,0.6653266745807874
TOP2A_1463_1475,Neg4h_NegCTL,0.3419635325974906
TOP2A_1463_1475,Neg5m_NegCTL,0.17193312941859715
TOP2A_1463_1475,Pos1h_PosCTL,0.4092363555911091
TOP2A_1463_1475,Pos24h_PosCTL,0.02018717841474012
TOP2A_1463_1475,Pos4h_PosCTL,0.5889333610460531
TPH2_10_22,Neg15m_NegCTL,0.20072797239407425
TPH2_10_22,Neg1h_NegCTL,-0.1425657045763291
TPH2_10_22,Neg24h_NegCTL,-0.1568349966093736
TPH2_10_22,Neg30m_NegCTL,-0.0298908663536066
TPH2_10_22,Neg4h_NegCTL,-0.13296308652891278
TPH2_10_22,Neg5m_NegCTL,0.3218846158457562
TPH2_10_22,Pos15m_PosCTL,0.07436526734250273
TPH2_10_22,Pos1h_PosCTL,-0.16277559314394807
TPH2_10_22,Pos24h_PosCTL,-0.01000994625447522
TPH2_10_22,Pos30m_PosCTL,0.1237355448518859
TPH2_10_22,Pos4h_PosCTL,-0.13460420530880146
TPH2_10_22,Pos5m_PosCTL,0.00872875658945204
TRPM7_1466_1478,Neg15m_NegCTL,0.2923648145113546
TRPM7_1466_1478,Neg1h_NegCTL,0.07836776551845462
TRPM7_1466_1478,Neg24h_NegCTL,0.1502423909211421
TRPM7_1466_1478,Neg30m_NegCTL,0.07130770348740359
TRPM7_1466_1478,Neg4h_NegCTL,-0.10976431332517209
TRPM7_1466_1478,Neg5m_NegCTL,0.3628104043589417
TRPM7_1466_1478,Pos15m_PosCTL,0.00563591415646293
TRPM7_1466_1478,Pos1h_PosCTL,0.03919204252605102
TRPM7_1466_1478,Pos24h_PosCTL,0.18381866311290965
TRPM7_1466_1478,Pos30m_PosCTL,0.01671902677483257
TRPM7_1466_1478,Pos4h_PosCTL,-0.02323112877197768
TRPM7_1466_1478,Pos5m_PosCTL,0.11666746803956674
TRPM7_1498_1510,Neg15m_NegCTL,0.6955199709105866
TRPM7_1498_1510,Neg1h_NegCTL,0.7179848155406235
TRPM7_1498_1510,Neg24h_NegCTL,-0.01804258585880447
TRPM7_1498_1510,Neg30m_NegCTL,0.8103469639942471
TRPM7_1498_1510,Neg4h_NegCTL,0.4557992972031647
TRPM7_1498_1510,Neg5m_NegCTL,0.18423954808803344
TRPM7_1498_1510,Pos15m_PosCTL,0.8709481178029718
TRPM7_1498_1510,Pos1h_PosCTL,0.5938502015054699
TRPM7_1498_1510,Pos24h_PosCTL,-0.00354633042305193
TRPM7_1498_1510,Pos30m_PosCTL,0.7269340142550055
TRPM7_1498_1510,Pos4h_PosCTL,0.6681127030832753
TRPM7_1498_1510,Pos5m_PosCTL,0.934976509701542
TY3H_65_77,Neg15m_NegCTL,1.04809448484556
TY3H_65_77,Neg1h_NegCTL,0.7748256003847741
TY3H_65_77,Neg24h_NegCTL,0.13723650474066734
TY3H_65_77,Neg30m_NegCTL,0.9646952960169924
TY3H_65_77,Neg4h_NegCTL,0.5399037122910416
TY3H_65_77,Neg5m_NegCTL,0.3311301592473003
TY3H_65_77,Pos15m_PosCTL,1.2291984295291776
TY3H_65_77,Pos1h_PosCTL,0.6357925259925429
TY3H_65_77,Pos24h_PosCTL,0.00424593428601483
TY3H_65_77,Pos30m_PosCTL,1.1289796917326185
TY3H_65_77,Pos4h_PosCTL,0.862013570359896
TY3H_65_77,Pos5m_PosCTL,1.0808777388877686
VASP_150_162,Neg15m_NegCTL,0.7585384865456675
VASP_150_162,Neg1h_NegCTL,0.8111912197920544
VASP_150_162,Neg24h_NegCTL,-0.06108653172951683
VASP_150_162,Neg30m_NegCTL,0.7087235634038714
VASP_150_162,Neg4h_NegCTL,0.4830976477515628
VASP_150_162,Neg5m_NegCTL,0.00619637528922881
VASP_150_162,Pos15m_PosCTL,1.2554856313271874
VASP_150_162,Pos1h_PosCTL,0.7140641238559429
VASP_150_162,Pos24h_PosCTL,-0.09866156526130018
VASP_150_162,Pos30m_PosCTL,1.1346533002352583
VASP_150_162,Pos4h_PosCTL,0.8312879741742663
VASP_150_162,Pos5m_PosCTL,1.157025431899277
VASP_232_244,Neg15m_NegCTL,0.32256614859371446
VASP_232_244,Neg1h_NegCTL,-0.09716754305734612
VASP_232_244,Neg24h_NegCTL,-0.03298188917461431
VASP_232_244,Neg30m_NegCTL,0.22346526469419797
VASP_232_244,Neg4h_NegCTL,-0.0651224462195292
VASP_232_244,Neg5m_NegCTL,0.31089570828801516
VASP_232_244,Pos15m_PosCTL,-0.10184772087507751
VASP_232_244,Pos1h_PosCTL,-0.13236766431285543
VASP_232_244,Pos24h_PosCTL,-0.4533323584681743
VASP_232_244,Pos30m_PosCTL,-0.5901212451938225
VASP_232_244,Pos4h_PosCTL,-0.1610701461752173
VASP_232_244,Pos5m_PosCTL,-0.0584816739993254
VASP_271_283,Neg15m_NegCTL,0.46133992649182015
VASP_271_283,Neg1h_NegCTL,0.31508123480770794
VASP_271_283,Neg24h_NegCTL,0.07680083547384134
VASP_271_283,Neg30m_NegCTL,0.24898163382197055
VASP_271_283,Neg4h_NegCTL,0.14553123577235225
VASP_271_283,Neg5m_NegCTL,0.27190533693185487
VASP_271_283,Pos15m_PosCTL,0.6071820599028234
VASP_271_283,Pos1h_PosCTL,0.3116860486885618
VASP_271_283,Pos24h_PosCTL,-0.01852918243412027
VASP_271_283,Pos30m_PosCTL,0.5804513274459892
VASP_271_283,Pos4h_PosCTL,0.3111519048884131
VASP_271_283,Pos5m_PosCTL,0.5473229681609707
VIME_28_40,Neg15m_NegCTL,0.07829172156181308
VIME_28_40,Neg1h_NegCTL,-0.1710838985392833
VIME_28_40,Neg24h_NegCTL,-0.20960918955039384
VIME_28_40,Neg30m_NegCTL,-0.07669806995824253
VIME_28_40,Neg4h_NegCTL,-0.21095843165781117
VIME_28_40,Neg5m_NegCTL,0.1531439493447273
VIME_28_40,Pos15m_PosCTL,0.16048599846575645
VIME_28_40,Pos1h_PosCTL,-0.01059391129159987
VIME_28_40,Pos24h_PosCTL,-0.01843356006961222
VIME_28_40,Pos30m_PosCTL,0.01757592090287829
VIME_28_40,Pos4h_PosCTL,0.01262020132884493
VIME_28_40,Pos5m_PosCTL,0.10224368303313014
VTNC_390_402,Neg15m_NegCTL,0.573842515097977
VTNC_390_402,Neg1h_NegCTL,0.6563591425892975
VTNC_390_402,Neg24h_NegCTL,-0.04215589168870912
VTNC_390_402,Neg30m_NegCTL,0.7649756913990586
VTNC_390_402,Neg4h_NegCTL,0.41486582067369265
VTNC_390_402,Neg5m_NegCTL,0.0920434194196306
XPO1_1049_1061,Neg15m_NegCTL,0.23596477700120416
XPO1_1049_1061,Neg1h_NegCTL,-0.05532573935398972
XPO1_1049_1061,Neg24h_NegCTL,-0.10477669318753602
XPO1_1049_1061,Neg30m_NegCTL,0.09175297299372018
XPO1_1049_1061,Neg4h_NegCTL,-0.08221907562961306
XPO1_1049_1061,Neg5m_NegCTL,0.3496346882556602
XPO1_1049_1061,Pos15m_PosCTL,0.08070202090556608
XPO1_1049_1061,Pos1h_PosCTL,-0.04395001981020623
XPO1_1049_1061,Pos24h_PosCTL,0.05838888782835767
XPO1_1049_1061,Pos30m_PosCTL,0.1834323433199468
XPO1_1049_1061,Pos4h_PosCTL,0.1299834849743382
XPO1_1049_1061,Pos5m_PosCTL,0.22673984531506208
YAP1_374_386,Neg1h_NegCTL,0.06927686343792891
YAP1_374_386,Neg24h_NegCTL,0.3196063870746495
YAP1_374_386,Neg4h_NegCTL,0.10122254873270008
YAP1_374_386,Pos15m_PosCTL,-0.10380620037870184
YAP1_374_386,Pos1h_PosCTL,-0.15465030202869973
YAP1_374_386,Pos24h_PosCTL,-0.03043838891531525
YAP1_374_386,Pos30m_PosCTL,-0.1930953883242692
YAP1_374_386,Pos4h_PosCTL,-0.23534260257948675
YAP1_374_386,Pos5m_PosCTL,0.04578246073523694
