Kinase,lfc,condition,biologically_meaningful
AKT,0.30754226131574686,Neg15m_NegCTL,TRUE
AMPK,0.4295896525755805,Neg15m_NegCTL,TRUE
ATM,0.7343822246165294,Neg15m_NegCTL,TRUE
ATR,0.28487551603057515,Neg15m_NegCTL,TRUE
AUR,0.3150533881449616,Neg15m_NegCTL,TRUE
AXL,0.14706117523056134,Neg15m_NegCTL,FALSE
BARK1,0.29592222951170566,Neg15m_NegCTL,TRUE
BARK2,0.27823429626842106,Neg15m_NegCTL,TRUE
BRSK,0.07651473513754681,Neg15m_NegCTL,FALSE
CAMK1,0.4295896525755805,Neg15m_NegCTL,TRUE
CAMK2,0.20210866404872663,Neg15m_NegCTL,TRUE
CDK,0.28603860940674186,Neg15m_NegCTL,TRUE
CHK1,0.4087032650170981,Neg15m_NegCTL,TRUE
CK1,0.32242243002872445,Neg15m_NegCTL,TRUE
CK2,0.3464898862607993,Neg15m_NegCTL,TRUE
COT,0.14344476306532808,Neg15m_NegCTL,FALSE
CSK,0.14706117523056134,Neg15m_NegCTL,FALSE
DAPK,0.2654486541806055,Neg15m_NegCTL,TRUE
DMPK,0.3150533881449616,Neg15m_NegCTL,TRUE
DYRK,0.2671647867381379,Neg15m_NegCTL,TRUE
EGFR,0.14706117523056134,Neg15m_NegCTL,FALSE
ERK,0.2451951968076932,Neg15m_NegCTL,TRUE
FRAY,0.2743434813161354,Neg15m_NegCTL,TRUE
GRK,0.35167777019694324,Neg15m_NegCTL,TRUE
GSK,0.32120605788625245,Neg15m_NegCTL,TRUE
HAL,0.3317654073744798,Neg15m_NegCTL,TRUE
IKK,0.3333040384761408,Neg15m_NegCTL,TRUE
IRAK,0.24602179233063587,Neg15m_NegCTL,TRUE
JNK,0.24198036661604494,Neg15m_NegCTL,TRUE
KHS,0.3878168774586157,Neg15m_NegCTL,TRUE
LKB,0.13635052044918852,Neg15m_NegCTL,FALSE
MAPKAPK,0.3220400112697173,Neg15m_NegCTL,TRUE
MARK,0.3547372349846629,Neg15m_NegCTL,TRUE
MELK,0.2934269301207835,Neg15m_NegCTL,TRUE
MLCK,0.1351270072894657,Neg15m_NegCTL,FALSE
MLK,0.27823429626842106,Neg15m_NegCTL,TRUE
MOS,-0.6149116331390907,Neg15m_NegCTL,TRUE
MSN,0.16902132079198773,Neg15m_NegCTL,FALSE
MST,0.22256593466862934,Neg15m_NegCTL,TRUE
MTOR,0.24025383197809563,Neg15m_NegCTL,TRUE
NAK,0.03876788269673881,Neg15m_NegCTL,FALSE
NDR,0.30754226131574686,Neg15m_NegCTL,TRUE
NEK,0.29592222951170566,Neg15m_NegCTL,TRUE
NMO,0.5093486948802218,Neg15m_NegCTL,TRUE
P38,0.27823429626842106,Neg15m_NegCTL,TRUE
PAKA,0.4295896525755805,Neg15m_NegCTL,TRUE
PAKB,0.16134842102329783,Neg15m_NegCTL,FALSE
PASK,0.5994832889886187,Neg15m_NegCTL,TRUE
PDGFR,0.14706117523056134,Neg15m_NegCTL,FALSE
PDHK,0.3130232539570219,Neg15m_NegCTL,TRUE
PDK1,0.2292523625597589,Neg15m_NegCTL,TRUE
PEK,0.29467457981624456,Neg15m_NegCTL,TRUE
PHK,0.2891512230756793,Neg15m_NegCTL,TRUE
PIM,0.2961651269444965,Neg15m_NegCTL,TRUE
PKA,0.3758640626346761,Neg15m_NegCTL,TRUE
PKCA,0.3150533881449616,Neg15m_NegCTL,TRUE
PKCD,0.4740149535974568,Neg15m_NegCTL,TRUE
PKCH,0.29592222951170566,Neg15m_NegCTL,TRUE
PKCI,0.2743434813161354,Neg15m_NegCTL,TRUE
PKD,0.3878168774586157,Neg15m_NegCTL,TRUE
PKG,0.3878168774586157,Neg15m_NegCTL,TRUE
PKN,0.1690361523414546,Neg15m_NegCTL,FALSE
PLK,0.28707826289006333,Neg15m_NegCTL,TRUE
PRKDC,0.27823429626842106,Neg15m_NegCTL,TRUE
QIK,0.2903988727711404,Neg15m_NegCTL,TRUE
RAD53,0.38685810159193124,Neg15m_NegCTL,TRUE
RAF,0.2740546845672207,Neg15m_NegCTL,TRUE
RIPK,0.4077444891504136,Neg15m_NegCTL,TRUE
RSK,0.3224942893112195,Neg15m_NegCTL,TRUE
SGK,0.27823429626842106,Neg15m_NegCTL,TRUE
SLK,0.14344476306532808,Neg15m_NegCTL,FALSE
STE11,0.4545939964245526,Neg15m_NegCTL,TRUE
STE7,0.2934269301207835,Neg15m_NegCTL,TRUE
STKR,0.24436860128475055,Neg15m_NegCTL,TRUE
SYK,0.14706117523056134,Neg15m_NegCTL,FALSE
TAO,0.19459787851864735,Neg15m_NegCTL,FALSE
TEC,0.14706117523056134,Neg15m_NegCTL,FALSE
VEGFR,0.14706117523056134,Neg15m_NegCTL,FALSE
VRK1,0.28487551603057515,Neg15m_NegCTL,TRUE
VRK2,0.29592222951170566,Neg15m_NegCTL,TRUE
AKT,0.13353829050927413,Neg30m_NegCTL,FALSE
AMPK,0.2329527627469948,Neg30m_NegCTL,TRUE
ATM,0.41083366461050846,Neg30m_NegCTL,TRUE
ATR,0.08504217153026072,Neg30m_NegCTL,FALSE
AUR,0.20250924612128784,Neg30m_NegCTL,TRUE
AXL,-0.0639317744585548,Neg30m_NegCTL,FALSE
BARK1,0.1373983435412039,Neg30m_NegCTL,FALSE
BARK2,0.04319289913325945,Neg30m_NegCTL,FALSE
BRSK,-0.14411436579992437,Neg30m_NegCTL,FALSE
CAMK1,0.323567732510553,Neg30m_NegCTL,TRUE
CAMK2,0.1541391000258594,Neg30m_NegCTL,FALSE
CDK,0.1112036530651809,Neg30m_NegCTL,FALSE
CHK1,0.18318597769795675,Neg30m_NegCTL,FALSE
CK1,0.1541391000258594,Neg30m_NegCTL,FALSE
CK2,0.20250924612128784,Neg30m_NegCTL,TRUE
COT,-0.03637389917061787,Neg30m_NegCTL,FALSE
CSK,-0.0639317744585548,Neg30m_NegCTL,FALSE
DAPK,0.1112036530651809,Neg30m_NegCTL,FALSE
DMPK,0.1541391000258594,Neg30m_NegCTL,FALSE
DYRK,0.00177797007542176,Neg30m_NegCTL,FALSE
EGFR,-0.0639317744585548,Neg30m_NegCTL,FALSE
ERK,-0.007503457306224254,Neg30m_NegCTL,FALSE
FRAY,0.2122328553700541,Neg30m_NegCTL,TRUE
GRK,0.11480557224857271,Neg30m_NegCTL,FALSE
GSK,0.053961519303831196,Neg30m_NegCTL,FALSE
HAL,0.2513619351423083,Neg30m_NegCTL,TRUE
IKK,0.2122328553700541,Neg30m_NegCTL,TRUE
IRAK,0.13531452669626898,Neg30m_NegCTL,FALSE
JNK,-0.02193509704760702,Neg30m_NegCTL,FALSE
KHS,0.2329527627469948,Neg30m_NegCTL,TRUE
LKB,-0.01528670987579043,Neg30m_NegCTL,FALSE
MAPKAPK,0.14781902044035822,Neg30m_NegCTL,FALSE
MARK,0.17294512186984182,Neg30m_NegCTL,FALSE
MELK,0.04861790888164329,Neg30m_NegCTL,FALSE
MLCK,0.01737828912709134,Neg30m_NegCTL,FALSE
MLK,0.04319289913325945,Neg30m_NegCTL,FALSE
MOS,-0.25078351088161843,Neg30m_NegCTL,TRUE
MSN,0.05329226065537917,Neg30m_NegCTL,FALSE
MST,-0.00500659948075762,Neg30m_NegCTL,FALSE
MTOR,0.04178669283232628,Neg30m_NegCTL,FALSE
NAK,0.01737828912709134,Neg30m_NegCTL,FALSE
NDR,0.3224880252213304,Neg30m_NegCTL,TRUE
NEK,0.1541391000258594,Neg30m_NegCTL,FALSE
NMO,-0.26323092575020024,Neg30m_NegCTL,TRUE
P38,0.04319289913325945,Neg30m_NegCTL,FALSE
PAKA,0.26441433902424577,Neg30m_NegCTL,TRUE
PAKB,-0.040844900797924424,Neg30m_NegCTL,FALSE
PASK,0.6160070749171954,Neg30m_NegCTL,TRUE
PDGFR,-0.0639317744585548,Neg30m_NegCTL,FALSE
PDHK,0.2122328553700541,Neg30m_NegCTL,TRUE
PDK1,0.0403804865313931,Neg30m_NegCTL,FALSE
PEK,0.13944864219803046,Neg30m_NegCTL,FALSE
PHK,0.13944864219803046,Neg30m_NegCTL,FALSE
PIM,0.14781902044035822,Neg30m_NegCTL,FALSE
PKA,0.29199438265861577,Neg30m_NegCTL,TRUE
PKCA,0.15497837927966795,Neg30m_NegCTL,FALSE
PKCD,0.323567732510553,Neg30m_NegCTL,TRUE
PKCH,0.14195543243459596,Neg30m_NegCTL,FALSE
PKCI,0.2122328553700541,Neg30m_NegCTL,TRUE
PKD,0.3017932767289784,Neg30m_NegCTL,TRUE
PKG,0.26441433902424577,Neg30m_NegCTL,TRUE
PKN,-0.02334525188521485,Neg30m_NegCTL,FALSE
PLK,0.14887814350190948,Neg30m_NegCTL,FALSE
PRKDC,0.07002431268427114,Neg30m_NegCTL,FALSE
QIK,0.10588254867319274,Neg30m_NegCTL,FALSE
RAD53,0.22259280905852447,Neg30m_NegCTL,TRUE
RAF,0.09898982626147479,Neg30m_NegCTL,FALSE
RIPK,0.31160079733054313,Neg30m_NegCTL,TRUE
RSK,0.20737105074567097,Neg30m_NegCTL,TRUE
SGK,0.04319289913325945,Neg30m_NegCTL,FALSE
SLK,0.06620403477936523,Neg30m_NegCTL,FALSE
STE11,0.20250924612128784,Neg30m_NegCTL,TRUE
STE7,0.20250924612128784,Neg30m_NegCTL,TRUE
STKR,0.01737828912709134,Neg30m_NegCTL,FALSE
SYK,-0.0639317744585548,Neg30m_NegCTL,FALSE
TAO,0.0403804865313931,Neg30m_NegCTL,FALSE
TEC,-0.0639317744585548,Neg30m_NegCTL,FALSE
VEGFR,-0.0639317744585548,Neg30m_NegCTL,FALSE
VRK1,0.07002431268427114,Neg30m_NegCTL,FALSE
VRK2,0.1373983435412039,Neg30m_NegCTL,FALSE
AKT,0.20344769788383532,Neg5m_NegCTL,TRUE
AMPK,0.23314681591478512,Neg5m_NegCTL,TRUE
ATM,0.31718026038945507,Neg5m_NegCTL,TRUE
ATR,0.27190533693185487,Neg5m_NegCTL,TRUE
AUR,0.1926622703588592,Neg5m_NegCTL,FALSE
AXL,0.30956829107256756,Neg5m_NegCTL,TRUE
BARK1,0.21965695462402124,Neg5m_NegCTL,TRUE
BARK2,0.30521019216352957,Neg5m_NegCTL,TRUE
BRSK,0.1914756723774055,Neg5m_NegCTL,FALSE
CAMK1,0.23805230336254488,Neg5m_NegCTL,TRUE
CAMK2,0.11396790075474827,Neg5m_NegCTL,FALSE
CDK,0.22159694029960061,Neg5m_NegCTL,TRUE
CHK1,0.25009047197152967,Neg5m_NegCTL,TRUE
CK1,0.21920366248358292,Neg5m_NegCTL,TRUE
CK2,0.07819346684467021,Neg5m_NegCTL,FALSE
COT,0.23805230336254488,Neg5m_NegCTL,TRUE
CSK,0.30956829107256756,Neg5m_NegCTL,TRUE
DAPK,0.1957950420213092,Neg5m_NegCTL,FALSE
DMPK,0.22353692597518,Neg5m_NegCTL,TRUE
DYRK,0.2672487964330245,Neg5m_NegCTL,TRUE
EGFR,0.30956829107256756,Neg5m_NegCTL,TRUE
ERK,0.25113654510953803,Neg5m_NegCTL,TRUE
FRAY,0.22353692597518,Neg5m_NegCTL,TRUE
GRK,0.252837187778238,Neg5m_NegCTL,TRUE
GSK,0.2863462289780436,Neg5m_NegCTL,TRUE
HAL,0.1521385283359476,Neg5m_NegCTL,FALSE
IKK,0.23314681591478512,Neg5m_NegCTL,TRUE
IRAK,0.18832341918283527,Neg5m_NegCTL,FALSE
JNK,0.25491518305586985,Neg5m_NegCTL,TRUE
KHS,0.3773354210102541,Neg5m_NegCTL,TRUE
LKB,0.05036755136614376,Neg5m_NegCTL,FALSE
MAPKAPK,0.23302518504129624,Neg5m_NegCTL,TRUE
MARK,0.2123112441460953,Neg5m_NegCTL,TRUE
MELK,0.20624595614586028,Neg5m_NegCTL,TRUE
MLCK,0.21965695462402124,Neg5m_NegCTL,TRUE
MLK,0.23805230336254488,Neg5m_NegCTL,TRUE
MOS,0.02508753290012426,Neg5m_NegCTL,FALSE
MSN,0.22350452678714347,Neg5m_NegCTL,TRUE
MST,0.23079461466886242,Neg5m_NegCTL,TRUE
MTOR,0.23471632117316227,Neg5m_NegCTL,TRUE
NAK,0.07819346684467021,Neg5m_NegCTL,FALSE
NDR,0.13089564937465695,Neg5m_NegCTL,FALSE
NEK,0.20624595614586028,Neg5m_NegCTL,TRUE
NMO,1.568401147471459,Neg5m_NegCTL,TRUE
P38,0.26703412802827425,Neg5m_NegCTL,TRUE
PAKA,0.22353692597518,Neg5m_NegCTL,TRUE
PAKB,0.1831211372269704,Neg5m_NegCTL,FALSE
PASK,0.3552878946478352,Neg5m_NegCTL,TRUE
PDGFR,0.30956829107256756,Neg5m_NegCTL,TRUE
PDHK,0.17338928221383565,Neg5m_NegCTL,FALSE
PDK1,0.22353692597518,Neg5m_NegCTL,TRUE
PEK,0.2020129958781065,Neg5m_NegCTL,TRUE
PHK,0.2149111881069805,Neg5m_NegCTL,TRUE
PIM,0.2263537159948187,Neg5m_NegCTL,TRUE
PKA,0.21943030855380208,Neg5m_NegCTL,TRUE
PKCA,0.21920366248358292,Neg5m_NegCTL,TRUE
PKCD,0.20624595614586028,Neg5m_NegCTL,TRUE
PKCH,0.23805230336254488,Neg5m_NegCTL,TRUE
PKCI,0.15176255786201054,Neg5m_NegCTL,FALSE
PKD,0.2359957646412676,Neg5m_NegCTL,TRUE
PKG,0.22353692597518,Neg5m_NegCTL,TRUE
PKN,0.05770312947290505,Neg5m_NegCTL,FALSE
PLK,0.26336282428431756,Neg5m_NegCTL,TRUE
PRKDC,0.16890105832362445,Neg5m_NegCTL,FALSE
QIK,0.23079461466886242,Neg5m_NegCTL,TRUE
RAD53,0.1903676237141741,Neg5m_NegCTL,FALSE
RAF,0.2393960013623665,Neg5m_NegCTL,TRUE
RIPK,0.25491518305586985,Neg5m_NegCTL,TRUE
RSK,0.2149111881069805,Neg5m_NegCTL,TRUE
SGK,0.24279623808346543,Neg5m_NegCTL,TRUE
SLK,0.25774947852334423,Neg5m_NegCTL,TRUE
STE11,0.21920366248358292,Neg5m_NegCTL,TRUE
STE7,0.1926622703588592,Neg5m_NegCTL,FALSE
STKR,0.26703412802827425,Neg5m_NegCTL,TRUE
SYK,0.30956829107256756,Neg5m_NegCTL,TRUE
TAO,0.10083696034115729,Neg5m_NegCTL,FALSE
TEC,0.30956829107256756,Neg5m_NegCTL,TRUE
VEGFR,0.30956829107256756,Neg5m_NegCTL,TRUE
VRK1,0.2672487964330245,Neg5m_NegCTL,TRUE
VRK2,0.21965695462402124,Neg5m_NegCTL,TRUE
AKT,0.11483277485164724,Neg1h_NegCTL,FALSE
AMPK,0.16982209623787745,Neg1h_NegCTL,FALSE
ATM,0.4383131696895036,Neg1h_NegCTL,TRUE
ATR,-0.02317585395792469,Neg1h_NegCTL,FALSE
AUR,0.16982209623787745,Neg1h_NegCTL,FALSE
AXL,0.01352212764895632,Neg1h_NegCTL,FALSE
BARK1,0.01589388485818421,Neg1h_NegCTL,FALSE
BARK2,0.01352212764895632,Neg1h_NegCTL,FALSE
BRSK,0.04303902661294589,Neg1h_NegCTL,FALSE
CAMK1,0.16982209623787745,Neg1h_NegCTL,FALSE
CAMK2,0.15201709542385222,Neg1h_NegCTL,FALSE
CDK,-0.033543163181770044,Neg1h_NegCTL,FALSE
CHK1,0.08883111373364533,Neg1h_NegCTL,FALSE
CK1,0.03203920597684831,Neg1h_NegCTL,FALSE
CK2,0.3785132296830083,Neg1h_NegCTL,TRUE
COT,-0.05838698897843297,Neg1h_NegCTL,FALSE
CSK,0.01352212764895632,Neg1h_NegCTL,FALSE
DAPK,0.01753129824797975,Neg1h_NegCTL,FALSE
DMPK,0.057919092739107406,Neg1h_NegCTL,FALSE
DYRK,-0.08397619133627407,Neg1h_NegCTL,FALSE
EGFR,0.01352212764895632,Neg1h_NegCTL,FALSE
ERK,-0.12199863049625304,Neg1h_NegCTL,FALSE
FRAY,-0.0520150100832127,Neg1h_NegCTL,FALSE
GRK,0.05110023195055306,Neg1h_NegCTL,FALSE
GSK,-0.05288895518302272,Neg1h_NegCTL,FALSE
HAL,0.28702386060075585,Neg1h_NegCTL,TRUE
IKK,0.14212240785379365,Neg1h_NegCTL,FALSE
IRAK,0.10247593023471854,Neg1h_NegCTL,FALSE
JNK,-0.08681523385444123,Neg1h_NegCTL,FALSE
KHS,0.11483277485164724,Neg1h_NegCTL,FALSE
LKB,-0.16587989880945417,Neg1h_NegCTL,FALSE
MAPKAPK,0.01916871163777529,Neg1h_NegCTL,FALSE
MARK,0.11483277485164724,Neg1h_NegCTL,FALSE
MELK,-0.03815627802927413,Neg1h_NegCTL,FALSE
MLCK,-0.09110407518122,Neg1h_NegCTL,FALSE
MLK,-0.02966587048967669,Neg1h_NegCTL,FALSE
MSN,-0.03726555254185948,Neg1h_NegCTL,FALSE
MST,-0.06778664492348281,Neg1h_NegCTL,FALSE
MTOR,-0.033911074259475406,Neg1h_NegCTL,FALSE
NAK,-0.07718630086853265,Neg1h_NegCTL,FALSE
NDR,0.3184996054536775,Neg1h_NegCTL,TRUE
NEK,-0.03815627802927413,Neg1h_NegCTL,FALSE
NMO,-0.26785156037171315,Neg1h_NegCTL,TRUE
P38,-0.08397619133627407,Neg1h_NegCTL,FALSE
PAKA,0.3644320778812092,Neg1h_NegCTL,TRUE
PAKB,-0.06005058061851527,Neg1h_NegCTL,FALSE
PASK,0.5376010556589348,Neg1h_NegCTL,TRUE
PDGFR,0.01352212764895632,Neg1h_NegCTL,FALSE
PDHK,0.15201709542385222,Neg1h_NegCTL,FALSE
PDK1,-0.06762163233677132,Neg1h_NegCTL,FALSE
PEK,0.00877685101034231,Neg1h_NegCTL,FALSE
PHK,0.03110386912536059,Neg1h_NegCTL,FALSE
PIM,0.017684966484129205,Neg1h_NegCTL,FALSE
PKA,0.3644320778812092,Neg1h_NegCTL,TRUE
PKCA,0.02430025387713316,Neg1h_NegCTL,FALSE
PKCD,0.3845378934547335,Neg1h_NegCTL,TRUE
PKCH,-0.05838698897843297,Neg1h_NegCTL,FALSE
PKCI,0.16982209623787745,Neg1h_NegCTL,FALSE
PKD,0.2524613174526215,Neg1h_NegCTL,TRUE
PKG,0.33975665634445856,Neg1h_NegCTL,TRUE
PKN,-0.11369285281601282,Neg1h_NegCTL,FALSE
PLK,-0.03815627802927413,Neg1h_NegCTL,FALSE
PRKDC,-0.02966587048967669,Neg1h_NegCTL,FALSE
QIK,-0.02317585395792469,Neg1h_NegCTL,FALSE
RAD53,0.11483277485164724,Neg1h_NegCTL,FALSE
RAF,-0.04993522514393585,Neg1h_NegCTL,FALSE
RIPK,0.28377127613016473,Neg1h_NegCTL,TRUE
RSK,0.11483277485164724,Neg1h_NegCTL,FALSE
SGK,-0.02893004833426597,Neg1h_NegCTL,FALSE
SLK,-0.3971878774405552,Neg1h_NegCTL,TRUE
STE11,-0.06762163233677132,Neg1h_NegCTL,FALSE
STE7,-0.01159092378005866,Neg1h_NegCTL,FALSE
STKR,0.042362741062689085,Neg1h_NegCTL,FALSE
SYK,0.01352212764895632,Neg1h_NegCTL,FALSE
TAO,0.01106967909112525,Neg1h_NegCTL,FALSE
TEC,0.01352212764895632,Neg1h_NegCTL,FALSE
VEGFR,0.01352212764895632,Neg1h_NegCTL,FALSE
VRK1,-0.10198928029738408,Neg1h_NegCTL,FALSE
VRK2,0.01589388485818421,Neg1h_NegCTL,FALSE
AKT,0.03089218723961373,Neg24h_NegCTL,FALSE
AMPK,0.07680083547384134,Neg24h_NegCTL,FALSE
ATM,0.1977483770431192,Neg24h_NegCTL,FALSE
ATR,0.0243240918641252,Neg24h_NegCTL,FALSE
AUR,0.05001999875580528,Neg24h_NegCTL,FALSE
AXL,0.04585638401388954,Neg24h_NegCTL,FALSE
BARK1,0.01689579505220913,Neg24h_NegCTL,FALSE
BARK2,0.04585638401388954,Neg24h_NegCTL,FALSE
BRSK,0.04398988230793307,Neg24h_NegCTL,FALSE
CAMK1,0.03089218723961373,Neg24h_NegCTL,FALSE
CAMK2,0.06713691021989363,Neg24h_NegCTL,FALSE
CDK,-0.037568890431661714,Neg24h_NegCTL,FALSE
CHK1,0.043242194022410585,Neg24h_NegCTL,FALSE
CK1,0.03503914654686852,Neg24h_NegCTL,FALSE
CK2,0.01339782738166113,Neg24h_NegCTL,FALSE
COT,0.05336516451759513,Neg24h_NegCTL,FALSE
CSK,0.04585638401388954,Neg24h_NegCTL,FALSE
DAPK,0.022948833722409745,Neg24h_NegCTL,FALSE
DMPK,0.02663914512690959,Neg24h_NegCTL,FALSE
DYRK,-0.03730086286863813,Neg24h_NegCTL,FALSE
EGFR,0.04585638401388954,Neg24h_NegCTL,FALSE
ERK,-0.14592606869405272,Neg24h_NegCTL,FALSE
FRAY,0.06493470535496085,Neg24h_NegCTL,FALSE
GRK,-0.05747187227690646,Neg24h_NegCTL,FALSE
GSK,-0.15114667781951066,Neg24h_NegCTL,FALSE
HAL,-0.11715260206072416,Neg24h_NegCTL,FALSE
IKK,0.02188667476659667,Neg24h_NegCTL,FALSE
IRAK,0.0524335628314172,Neg24h_NegCTL,FALSE
JNK,-0.04223304659451769,Neg24h_NegCTL,FALSE
KHS,0.1117803979672587,Neg24h_NegCTL,FALSE
LKB,-0.05420130937117484,Neg24h_NegCTL,FALSE
MAPKAPK,0.03089218723961373,Neg24h_NegCTL,FALSE
MARK,0.11106532567841695,Neg24h_NegCTL,FALSE
MELK,0.02895419838969398,Neg24h_NegCTL,FALSE
MLCK,-0.09086345474749832,Neg24h_NegCTL,FALSE
MLK,0.02188667476659667,Neg24h_NegCTL,FALSE
MSN,0.041159681453644556,Neg24h_NegCTL,FALSE
MST,0.05371460554592448,Neg24h_NegCTL,FALSE
MTOR,-0.01195367613524953,Neg24h_NegCTL,FALSE
NAK,-0.09086345474749832,Neg24h_NegCTL,FALSE
NDR,0.02416754227117401,Neg24h_NegCTL,FALSE
NEK,0.02895419838969398,Neg24h_NegCTL,FALSE
NMO,0.33402768640669667,Neg24h_NegCTL,TRUE
P38,-0.07954568785095306,Neg24h_NegCTL,FALSE
PAKA,0.03742785618462698,Neg24h_NegCTL,FALSE
PAKB,-0.03116173865309526,Neg24h_NegCTL,FALSE
PASK,0.03089218723961373,Neg24h_NegCTL,FALSE
PDGFR,0.04585638401388954,Neg24h_NegCTL,FALSE
PDHK,0.014616535930425396,Neg24h_NegCTL,FALSE
PDK1,-0.01544947008828767,Neg24h_NegCTL,FALSE
PEK,0.0193912349094029,Neg24h_NegCTL,FALSE
PHK,0.0264825955339584,Neg24h_NegCTL,FALSE
PIM,0.029923192814653853,Neg24h_NegCTL,FALSE
PKA,0.02188667476659667,Neg24h_NegCTL,FALSE
PKCA,0.02188667476659667,Neg24h_NegCTL,FALSE
PKCD,0.11687199743584652,Neg24h_NegCTL,FALSE
PKCH,0.10473473926482237,Neg24h_NegCTL,FALSE
PKCI,0.03089218723961373,Neg24h_NegCTL,FALSE
PKD,0.03089218723961373,Neg24h_NegCTL,FALSE
PKG,0.01339782738166113,Neg24h_NegCTL,FALSE
PKN,-0.14592606869405272,Neg24h_NegCTL,FALSE
PLK,0.02188667476659667,Neg24h_NegCTL,FALSE
PRKDC,-0.02492950834233878,Neg24h_NegCTL,FALSE
QIK,0.00490897999672559,Neg24h_NegCTL,FALSE
RAD53,0.04112409470404307,Neg24h_NegCTL,FALSE
RAF,-0.0029225149857739045,Neg24h_NegCTL,FALSE
RIPK,0.01339782738166113,Neg24h_NegCTL,FALSE
RSK,0.02401099267822282,Neg24h_NegCTL,FALSE
SGK,0.02895419838969398,Neg24h_NegCTL,FALSE
SLK,-0.2882464765727198,Neg24h_NegCTL,TRUE
STE11,-0.14560539303417208,Neg24h_NegCTL,FALSE
STE7,0.01128286465563407,Neg24h_NegCTL,FALSE
STKR,-0.02486968002172763,Neg24h_NegCTL,FALSE
SYK,0.04585638401388954,Neg24h_NegCTL,FALSE
TAO,0.02895419838969398,Neg24h_NegCTL,FALSE
TEC,0.04585638401388954,Neg24h_NegCTL,FALSE
VEGFR,0.04585638401388954,Neg24h_NegCTL,FALSE
VRK1,-0.25661917342346435,Neg24h_NegCTL,TRUE
VRK2,0.01689579505220913,Neg24h_NegCTL,FALSE
AKT,0.1113688934241462,Neg4h_NegCTL,FALSE
AMPK,0.152395729585287,Neg4h_NegCTL,FALSE
ATM,0.29522866708972967,Neg4h_NegCTL,TRUE
ATR,-0.01026681376925136,Neg4h_NegCTL,FALSE
AUR,0.16436701284490832,Neg4h_NegCTL,FALSE
AXL,-0.04207257206780657,Neg4h_NegCTL,FALSE
BARK1,0.02400131196717906,Neg4h_NegCTL,FALSE
BARK2,-0.04207257206780657,Neg4h_NegCTL,FALSE
BRSK,0.00404126378769698,Neg4h_NegCTL,FALSE
CAMK1,0.16436701284490832,Neg4h_NegCTL,FALSE
CAMK2,0.11218731363692713,Neg4h_NegCTL,FALSE
CDK,-0.01999650582866478,Neg4h_NegCTL,FALSE
CHK1,0.014686950127546991,Neg4h_NegCTL,FALSE
CK1,0.06759559566696242,Neg4h_NegCTL,FALSE
CK2,0.25946030574336965,Neg4h_NegCTL,TRUE
COT,-0.07579873731504114,Neg4h_NegCTL,FALSE
CSK,-0.04207257206780657,Neg4h_NegCTL,FALSE
DAPK,-0.00389791334919135,Neg4h_NegCTL,FALSE
DMPK,0.06498842064156325,Neg4h_NegCTL,FALSE
DYRK,-0.10843502781930647,Neg4h_NegCTL,FALSE
EGFR,-0.04207257206780657,Neg4h_NegCTL,FALSE
ERK,-0.13225168591134384,Neg4h_NegCTL,FALSE
FRAY,0.05799794359455923,Neg4h_NegCTL,FALSE
GRK,0.06886987575111961,Neg4h_NegCTL,FALSE
GSK,-0.11166827470235809,Neg4h_NegCTL,FALSE
HAL,0.17002369895677988,Neg4h_NegCTL,FALSE
IKK,0.07197889768856727,Neg4h_NegCTL,FALSE
IRAK,-0.03417461891011708,Neg4h_NegCTL,FALSE
JNK,-0.09249897958334805,Neg4h_NegCTL,FALSE
KHS,0.025332636467397,Neg4h_NegCTL,FALSE
LKB,-0.1921875641557905,Neg4h_NegCTL,FALSE
MAPKAPK,0.025332636467397,Neg4h_NegCTL,FALSE
MARK,0.025332636467397,Neg4h_NegCTL,FALSE
MELK,0.02400131196717906,Neg4h_NegCTL,FALSE
MLCK,-0.07685544108315263,Neg4h_NegCTL,FALSE
MLK,-0.01026681376925136,Neg4h_NegCTL,FALSE
MSN,-0.05341053125515893,Neg4h_NegCTL,FALSE
MST,-0.04154297348313206,Neg4h_NegCTL,FALSE
MTOR,-0.00574235685162202,Neg4h_NegCTL,FALSE
NAK,-0.07685544108315263,Neg4h_NegCTL,FALSE
NDR,0.16466582425511778,Neg4h_NegCTL,FALSE
NEK,0.05799794359455923,Neg4h_NegCTL,FALSE
NMO,-0.211281963278722,Neg4h_NegCTL,TRUE
P38,-0.0905321427041641,Neg4h_NegCTL,FALSE
PAKA,0.1765148632255761,Neg4h_NegCTL,FALSE
PAKB,-0.1456409092634523,Neg4h_NegCTL,FALSE
PASK,0.34069712039737815,Neg4h_NegCTL,TRUE
PDGFR,-0.04207257206780657,Neg4h_NegCTL,FALSE
PDHK,0.1147944886623263,Neg4h_NegCTL,FALSE
PDK1,-0.08856530582498016,Neg4h_NegCTL,FALSE
PEK,0.02466697421728803,Neg4h_NegCTL,FALSE
PHK,0.04305900885195395,Neg4h_NegCTL,FALSE
PIM,0.03108330806050797,Neg4h_NegCTL,FALSE
PKA,0.1765148632255761,Neg4h_NegCTL,FALSE
PKCA,0.03404654201166727,Neg4h_NegCTL,FALSE
PKCD,0.29522866708972967,Neg4h_NegCTL,TRUE
PKCH,-0.04057686946366819,Neg4h_NegCTL,FALSE
PKCI,0.1765148632255761,Neg4h_NegCTL,FALSE
PKD,0.1765148632255761,Neg4h_NegCTL,FALSE
PKG,0.1965341836838405,Neg4h_NegCTL,FALSE
PKN,-0.12744374007954562,Neg4h_NegCTL,FALSE
PLK,0.02400131196717906,Neg4h_NegCTL,FALSE
PRKDC,-0.01026681376925136,Neg4h_NegCTL,FALSE
QIK,0.02400131196717906,Neg4h_NegCTL,FALSE
RAD53,0.07719324773936562,Neg4h_NegCTL,FALSE
RAF,-0.01638165701769888,Neg4h_NegCTL,FALSE
RIPK,0.17073974944545167,Neg4h_NegCTL,FALSE
RSK,0.09782049598038758,Neg4h_NegCTL,FALSE
SGK,0.01161101820034606,Neg4h_NegCTL,FALSE
SLK,-0.2738483502920131,Neg4h_NegCTL,TRUE
STE11,-0.1921875641557905,Neg4h_NegCTL,FALSE
STE7,0.012057368266702161,Neg4h_NegCTL,FALSE
STKR,0.03777014425106718,Neg4h_NegCTL,FALSE
SYK,-0.04207257206780657,Neg4h_NegCTL,FALSE
TAO,0.02812007410934867,Neg4h_NegCTL,FALSE
TEC,-0.04207257206780657,Neg4h_NegCTL,FALSE
VEGFR,-0.04207257206780657,Neg4h_NegCTL,FALSE
VRK1,-0.13225168591134384,Neg4h_NegCTL,FALSE
VRK2,0.02400131196717906,Neg4h_NegCTL,FALSE
AKT,0.31549153828479826,Pos15m_PosCTL,TRUE
AMPK,0.6290594501622733,Pos15m_PosCTL,TRUE
ATM,0.8533786770993815,Pos15m_PosCTL,TRUE
ATR,0.20789907091370408,Pos15m_PosCTL,TRUE
AUR,0.20523018257265707,Pos15m_PosCTL,TRUE
AXL,0.3752765749954842,Pos15m_PosCTL,TRUE
BARK1,0.23441999477422282,Pos15m_PosCTL,TRUE
BARK2,0.28125913017861526,Pos15m_PosCTL,TRUE
BRSK,0.03586870935376322,Pos15m_PosCTL,FALSE
CAMK1,0.7068309135317978,Pos15m_PosCTL,TRUE
CAMK2,0.5017269236276979,Pos15m_PosCTL,TRUE
CDK,0.20872731131235744,Pos15m_PosCTL,TRUE
CHK1,0.31812014569089325,Pos15m_PosCTL,TRUE
CK1,0.29761989412740997,Pos15m_PosCTL,TRUE
CK2,0.4591327091476095,Pos15m_PosCTL,TRUE
COT,0.20543042339094136,Pos15m_PosCTL,TRUE
CSK,0.3752765749954842,Pos15m_PosCTL,TRUE
DAPK,0.2720627674845121,Pos15m_PosCTL,TRUE
DMPK,0.2721383689503594,Pos15m_PosCTL,TRUE
DYRK,0.09627572963286957,Pos15m_PosCTL,FALSE
EGFR,0.3752765749954842,Pos15m_PosCTL,TRUE
ERK,0.10040594009760512,Pos15m_PosCTL,FALSE
FRAY,0.15689291966183855,Pos15m_PosCTL,FALSE
GRK,0.5312809275979954,Pos15m_PosCTL,TRUE
GSK,0.05539178789961539,Pos15m_PosCTL,FALSE
HAL,0.6844126575794677,Pos15m_PosCTL,TRUE
IKK,0.3089177142474936,Pos15m_PosCTL,TRUE
IRAK,0.05539178789961539,Pos15m_PosCTL,FALSE
JNK,0.15225541865135145,Pos15m_PosCTL,FALSE
KHS,0.25828812384677224,Pos15m_PosCTL,TRUE
LKB,0.0537237051705528,Pos15m_PosCTL,FALSE
MAPKAPK,0.2836029190471329,Pos15m_PosCTL,TRUE
MARK,0.25828812384677224,Pos15m_PosCTL,TRUE
MELK,0.18724168536174624,Pos15m_PosCTL,FALSE
MLCK,0.10567807719699474,Pos15m_PosCTL,FALSE
MLK,0.20686585823028603,Pos15m_PosCTL,TRUE
MSN,0.409521192169901,Pos15m_PosCTL,TRUE
MST,0.20729187647301278,Pos15m_PosCTL,TRUE
MTOR,0.07910936346869443,Pos15m_PosCTL,FALSE
NAK,0.3557309416641929,Pos15m_PosCTL,TRUE
NDR,0.47154891718655045,Pos15m_PosCTL,TRUE
NEK,0.232066440615142,Pos15m_PosCTL,TRUE
NMO,0.00248757162366538,Pos15m_PosCTL,FALSE
P38,0.1775147857456713,Pos15m_PosCTL,FALSE
PAKA,0.7068309135317978,Pos15m_PosCTL,TRUE
PAKB,0.31609643241968444,Pos15m_PosCTL,TRUE
PASK,1.0172062823714587,Pos15m_PosCTL,TRUE
PDGFR,0.3752765749954842,Pos15m_PosCTL,TRUE
PDHK,0.3912466915563102,Pos15m_PosCTL,TRUE
PDK1,0.20915332955508423,Pos15m_PosCTL,TRUE
PEK,0.232066440615142,Pos15m_PosCTL,TRUE
PHK,0.2721005682174358,Pos15m_PosCTL,TRUE
PIM,0.2768418878251553,Pos15m_PosCTL,TRUE
PKA,0.5229488394809487,Pos15m_PosCTL,TRUE
PKCA,0.26517544566564216,Pos15m_PosCTL,TRUE
PKCD,0.8415172078377189,Pos15m_PosCTL,TRUE
PKCH,0.10684849207542231,Pos15m_PosCTL,FALSE
PKCI,0.5667966774901126,Pos15m_PosCTL,TRUE
PKD,0.7068309135317978,Pos15m_PosCTL,TRUE
PKG,0.6071820599028234,Pos15m_PosCTL,TRUE
PKN,0.2720627674845121,Pos15m_PosCTL,TRUE
PLK,0.1963360543763438,Pos15m_PosCTL,FALSE
PRKDC,0.19819750745841525,Pos15m_PosCTL,FALSE
QIK,0.22372452671780532,Pos15m_PosCTL,TRUE
RAD53,0.3678400778479606,Pos15m_PosCTL,TRUE
RAF,0.1729990450910493,Pos15m_PosCTL,FALSE
RIPK,0.6071820599028234,Pos15m_PosCTL,TRUE
RSK,0.33889815199314793,Pos15m_PosCTL,TRUE
SGK,0.29761989412740997,Pos15m_PosCTL,TRUE
SLK,0.30172786858497097,Pos15m_PosCTL,TRUE
STE11,0.2143697046101701,Pos15m_PosCTL,TRUE
STE7,0.20915332955508423,Pos15m_PosCTL,TRUE
STKR,0.3557309416641929,Pos15m_PosCTL,TRUE
SYK,0.3752765749954842,Pos15m_PosCTL,TRUE
TAO,0.517314515754831,Pos15m_PosCTL,TRUE
TEC,0.3752765749954842,Pos15m_PosCTL,TRUE
VEGFR,0.3752765749954842,Pos15m_PosCTL,TRUE
VRK1,0.0537237051705528,Pos15m_PosCTL,FALSE
VRK2,0.23441999477422282,Pos15m_PosCTL,TRUE
AKT,0.37002755446113733,Pos30m_PosCTL,TRUE
AMPK,0.5927529522141823,Pos30m_PosCTL,TRUE
ATM,0.8148875158257655,Pos30m_PosCTL,TRUE
ATR,0.2269416542930089,Pos30m_PosCTL,TRUE
AUR,0.2093439938875504,Pos30m_PosCTL,TRUE
AXL,0.3449703926220293,Pos30m_PosCTL,TRUE
BARK1,0.2941841211268185,Pos30m_PosCTL,TRUE
BARK2,0.29778604031990946,Pos30m_PosCTL,TRUE
BRSK,0.1900109736314848,Pos30m_PosCTL,FALSE
CAMK1,0.697654005147708,Pos30m_PosCTL,TRUE
CAMK2,0.545298061104368,Pos30m_PosCTL,TRUE
CDK,0.22629212798698597,Pos30m_PosCTL,TRUE
CHK1,0.44198509487430215,Pos30m_PosCTL,TRUE
CK1,0.3436215229675633,Pos30m_PosCTL,TRUE
CK2,0.48195675248614817,Pos30m_PosCTL,TRUE
COT,0.3515417354803819,Pos30m_PosCTL,TRUE
CSK,0.3449703926220293,Pos30m_PosCTL,TRUE
DAPK,0.3515417354803819,Pos30m_PosCTL,TRUE
DMPK,0.3515417354803819,Pos30m_PosCTL,TRUE
DYRK,0.19789110444744784,Pos30m_PosCTL,FALSE
EGFR,0.3449703926220293,Pos30m_PosCTL,TRUE
ERK,0.19178163195400533,Pos30m_PosCTL,FALSE
FRAY,0.2627696919937176,Pos30m_PosCTL,TRUE
GRK,0.5954742210859411,Pos30m_PosCTL,TRUE
GSK,0.19250058832666755,Pos30m_PosCTL,FALSE
HAL,0.6909092333379694,Pos30m_PosCTL,TRUE
IKK,0.3515417354803819,Pos30m_PosCTL,TRUE
IRAK,0.21047729546759028,Pos30m_PosCTL,TRUE
JNK,0.21047729546759028,Pos30m_PosCTL,TRUE
KHS,0.2720143429726797,Pos30m_PosCTL,TRUE
LKB,0.16841304288225817,Pos30m_PosCTL,FALSE
MAPKAPK,0.32629351380029714,Pos30m_PosCTL,TRUE
MARK,0.2720143429726797,Pos30m_PosCTL,TRUE
MELK,0.29037268732297683,Pos30m_PosCTL,TRUE
MLCK,0.1971063590415956,Pos30m_PosCTL,FALSE
MLK,0.30107171174908576,Pos30m_PosCTL,TRUE
MSN,0.6039995677552785,Pos30m_PosCTL,TRUE
MST,0.26739201748319863,Pos30m_PosCTL,TRUE
MTOR,0.21331775250281088,Pos30m_PosCTL,TRUE
NAK,0.49329443702417414,Pos30m_PosCTL,TRUE
NDR,0.4857132900696941,Pos30m_PosCTL,TRUE
NEK,0.3906757527244302,Pos30m_PosCTL,TRUE
NMO,0.19106267558134307,Pos30m_PosCTL,FALSE
P38,0.21320678414253658,Pos30m_PosCTL,TRUE
PAKA,0.697654005147708,Pos30m_PosCTL,TRUE
PAKB,0.3846193152987715,Pos30m_PosCTL,TRUE
PASK,0.9792582373218484,Pos30m_PosCTL,TRUE
PDGFR,0.3449703926220293,Pos30m_PosCTL,TRUE
PDHK,0.4554956660706676,Pos30m_PosCTL,TRUE
PDK1,0.23717788876709928,Pos30m_PosCTL,TRUE
PEK,0.2979955549306602,Pos30m_PosCTL,TRUE
PHK,0.34209665437278725,Pos30m_PosCTL,TRUE
PIM,0.382523532322097,Pos30m_PosCTL,TRUE
PKA,0.5759888284001886,Pos30m_PosCTL,TRUE
PKCA,0.3153235640979264,Pos30m_PosCTL,TRUE
PKCD,0.783177517042138,Pos30m_PosCTL,TRUE
PKCH,0.21634587491477147,Pos30m_PosCTL,TRUE
PKCI,0.5576754501324346,Pos30m_PosCTL,TRUE
PKD,0.697654005147708,Pos30m_PosCTL,TRUE
PKG,0.5973016851845617,Pos30m_PosCTL,TRUE
PKN,0.19379325951951315,Pos30m_PosCTL,FALSE
PLK,0.21436205985484177,Pos30m_PosCTL,TRUE
PRKDC,0.2269416542930089,Pos30m_PosCTL,TRUE
QIK,0.28119351514782825,Pos30m_PosCTL,TRUE
RAD53,0.4041863239207957,Pos30m_PosCTL,TRUE
RAF,0.21320678414253658,Pos30m_PosCTL,TRUE
RIPK,0.5804513274459892,Pos30m_PosCTL,TRUE
RSK,0.4041863239207957,Pos30m_PosCTL,TRUE
SGK,0.353066604075158,Pos30m_PosCTL,TRUE
SLK,0.6364728061561689,Pos30m_PosCTL,TRUE
STE11,0.3291133431924583,Pos30m_PosCTL,TRUE
STE7,0.2627696919937176,Pos30m_PosCTL,TRUE
STKR,0.49329443702417414,Pos30m_PosCTL,TRUE
SYK,0.3449703926220293,Pos30m_PosCTL,TRUE
TAO,0.5715263293543881,Pos30m_PosCTL,TRUE
TEC,0.3449703926220293,Pos30m_PosCTL,TRUE
VEGFR,0.3449703926220293,Pos30m_PosCTL,TRUE
VRK1,0.19250058832666755,Pos30m_PosCTL,FALSE
VRK2,0.2941841211268185,Pos30m_PosCTL,TRUE
AKT,0.2853051975724311,Pos5m_PosCTL,TRUE
AMPK,0.5405346607756663,Pos5m_PosCTL,TRUE
ATM,0.7793556436676136,Pos5m_PosCTL,TRUE
ATR,0.19148984498968719,Pos5m_PosCTL,FALSE
AUR,0.19130613461595186,Pos5m_PosCTL,FALSE
AXL,0.05453541860187849,Pos5m_PosCTL,FALSE
BARK1,0.21202994684517526,Pos5m_PosCTL,TRUE
BARK2,0.12172460714892624,Pos5m_PosCTL,FALSE
BRSK,0.24031057734528097,Pos5m_PosCTL,TRUE
CAMK1,0.6683340303439707,Pos5m_PosCTL,TRUE
CAMK2,0.4713899184126539,Pos5m_PosCTL,TRUE
CDK,0.17753593439694876,Pos5m_PosCTL,FALSE
CHK1,0.3246720303901135,Pos5m_PosCTL,TRUE
CK1,0.24576184065311768,Pos5m_PosCTL,TRUE
CK2,0.49120240732966824,Pos5m_PosCTL,TRUE
COT,0.23522898618339175,Pos5m_PosCTL,TRUE
CSK,0.05453541860187849,Pos5m_PosCTL,FALSE
DAPK,0.17759153245048093,Pos5m_PosCTL,FALSE
DMPK,0.24031057734528097,Pos5m_PosCTL,TRUE
DYRK,0.14109681611788877,Pos5m_PosCTL,FALSE
EGFR,0.05453541860187849,Pos5m_PosCTL,FALSE
ERK,0.14482946275064323,Pos5m_PosCTL,FALSE
FRAY,0.13050011765146033,Pos5m_PosCTL,FALSE
GRK,0.5386837568894584,Pos5m_PosCTL,TRUE
GSK,0.14521214930703716,Pos5m_PosCTL,FALSE
HAL,0.6449013955326168,Pos5m_PosCTL,TRUE
IKK,0.28410767254385344,Pos5m_PosCTL,TRUE
IRAK,0.1774803363434166,Pos5m_PosCTL,FALSE
JNK,0.14444677619424934,Pos5m_PosCTL,FALSE
KHS,0.2004590589988015,Pos5m_PosCTL,TRUE
LKB,0.1882562858243698,Pos5m_PosCTL,FALSE
MAPKAPK,0.23195570601841498,Pos5m_PosCTL,TRUE
MARK,0.24031057734528097,Pos5m_PosCTL,TRUE
MELK,0.223600834691549,Pos5m_PosCTL,TRUE
MLCK,0.12182637897067217,Pos5m_PosCTL,FALSE
MLK,0.3221312348091689,Pos5m_PosCTL,TRUE
MSN,0.3660880042233271,Pos5m_PosCTL,TRUE
MST,0.18286831108389318,Pos5m_PosCTL,FALSE
MTOR,0.14521214930703716,Pos5m_PosCTL,FALSE
NAK,0.409033483434946,Pos5m_PosCTL,TRUE
NDR,0.4388864771117088,Pos5m_PosCTL,TRUE
NEK,0.27194692786790114,Pos5m_PosCTL,TRUE
NMO,0.4927292403940203,Pos5m_PosCTL,TRUE
P38,0.17227129651726347,Pos5m_PosCTL,FALSE
PAKA,0.6683340303439707,Pos5m_PosCTL,TRUE
PAKB,0.32125679013935454,Pos5m_PosCTL,TRUE
PASK,0.8737327732087928,Pos5m_PosCTL,TRUE
PDGFR,0.05453541860187849,Pos5m_PosCTL,FALSE
PDHK,0.40815903876513165,Pos5m_PosCTL,TRUE
PDK1,0.17759153245048093,Pos5m_PosCTL,FALSE
PEK,0.223600834691549,Pos5m_PosCTL,TRUE
PHK,0.23776978176433636,Pos5m_PosCTL,TRUE
PIM,0.2792297973596372,Pos5m_PosCTL,TRUE
PKA,0.45886622244838315,Pos5m_PosCTL,TRUE
PKCA,0.23776978176433636,Pos5m_PosCTL,TRUE
PKCD,0.7627525460302866,Pos5m_PosCTL,TRUE
PKCH,0.15681446493258674,Pos5m_PosCTL,FALSE
PKCI,0.537809312219644,Pos5m_PosCTL,TRUE
PKD,0.6683340303439707,Pos5m_PosCTL,TRUE
PKG,0.5473229681609707,Pos5m_PosCTL,TRUE
PKN,0.1347743135002319,Pos5m_PosCTL,FALSE
PLK,0.1819758158195655,Pos5m_PosCTL,FALSE
PRKDC,0.15970695667371715,Pos5m_PosCTL,FALSE
QIK,0.22941491043747037,Pos5m_PosCTL,TRUE
RAD53,0.3456961333195854,Pos5m_PosCTL,TRUE
RAF,0.1601249926250971,Pos5m_PosCTL,FALSE
RIPK,0.5337463533903618,Pos5m_PosCTL,TRUE
RSK,0.3850524780456688,Pos5m_PosCTL,TRUE
SGK,0.25157591639903903,Pos5m_PosCTL,TRUE
SLK,0.274351922175421,Pos5m_PosCTL,TRUE
STE11,0.27194692786790114,Pos5m_PosCTL,TRUE
STE7,0.26618503397562127,Pos5m_PosCTL,TRUE
STKR,0.409033483434946,Pos5m_PosCTL,TRUE
SYK,0.05453541860187849,Pos5m_PosCTL,FALSE
TAO,0.4578240862712333,Pos5m_PosCTL,TRUE
TEC,0.05453541860187849,Pos5m_PosCTL,FALSE
VEGFR,0.05453541860187849,Pos5m_PosCTL,FALSE
VRK1,0.14444677619424934,Pos5m_PosCTL,FALSE
VRK2,0.21202994684517526,Pos5m_PosCTL,TRUE
AKT,0.20579436236804405,Pos1h_PosCTL,TRUE
AMPK,0.28272837641137877,Pos1h_PosCTL,TRUE
ATM,0.3954376081623845,Pos1h_PosCTL,TRUE
ATR,0.09435542714087486,Pos1h_PosCTL,FALSE
AUR,0.1808113747498082,Pos1h_PosCTL,FALSE
AXL,-0.36049252681144334,Pos1h_PosCTL,TRUE
BARK1,0.07594260934526739,Pos1h_PosCTL,FALSE
BARK2,-0.22606451799279856,Pos1h_PosCTL,TRUE
BRSK,-0.2666869762733966,Pos1h_PosCTL,TRUE
CAMK1,0.28272837641137877,Pos1h_PosCTL,TRUE
CAMK2,0.27286354850873656,Pos1h_PosCTL,TRUE
CDK,0.03591194402200325,Pos1h_PosCTL,FALSE
CHK1,0.27006543543373907,Pos1h_PosCTL,TRUE
CK1,0.1931429941781591,Pos1h_PosCTL,FALSE
CK2,0.33689460207150645,Pos1h_PosCTL,TRUE
COT,-0.06336975861523117,Pos1h_PosCTL,FALSE
CSK,-0.36049252681144334,Pos1h_PosCTL,TRUE
DAPK,0.11294805427870018,Pos1h_PosCTL,FALSE
DMPK,0.1401959928798527,Pos1h_PosCTL,FALSE
DYRK,-0.03489100385630668,Pos1h_PosCTL,FALSE
EGFR,-0.36049252681144334,Pos1h_PosCTL,TRUE
ERK,-0.032928762667478864,Pos1h_PosCTL,FALSE
FRAY,-0.03489100385630668,Pos1h_PosCTL,FALSE
GRK,0.27006543543373907,Pos1h_PosCTL,TRUE
GSK,0.023477349200037814,Pos1h_PosCTL,FALSE
HAL,0.3253301229707146,Pos1h_PosCTL,TRUE
IKK,0.26340047843362785,Pos1h_PosCTL,TRUE
IRAK,0.1931429941781591,Pos1h_PosCTL,FALSE
JNK,-0.03187811192565644,Pos1h_PosCTL,FALSE
KHS,0.25953363450851413,Pos1h_PosCTL,TRUE
LKB,-0.03699230533995153,Pos1h_PosCTL,FALSE
MAPKAPK,0.08315397139481744,Pos1h_PosCTL,FALSE
MARK,0.11533420725675397,Pos1h_PosCTL,FALSE
MELK,0.03462869152621135,Pos1h_PosCTL,FALSE
MLCK,-0.04252558526610113,Pos1h_PosCTL,FALSE
MLK,0.08514901824307113,Pos1h_PosCTL,FALSE
MOS,-0.11899827853053029,Pos1h_PosCTL,FALSE
MSN,0.006286425365018111,Pos1h_PosCTL,FALSE
MST,0.022731240906386077,Pos1h_PosCTL,FALSE
MTOR,-0.03489100385630668,Pos1h_PosCTL,FALSE
NAK,0.27286354850873656,Pos1h_PosCTL,TRUE
NDR,0.5162937231844479,Pos1h_PosCTL,TRUE
NEK,0.08315397139481744,Pos1h_PosCTL,FALSE
NMO,0.03409930963629589,Pos1h_PosCTL,FALSE
P38,-0.0288652199950062,Pos1h_PosCTL,FALSE
PAKA,0.342528987921218,Pos1h_PosCTL,TRUE
PAKB,0.08640154296442257,Pos1h_PosCTL,FALSE
PASK,0.41078502909481135,Pos1h_PosCTL,TRUE
PDGFR,-0.36049252681144334,Pos1h_PosCTL,TRUE
PDHK,0.26744532364067775,Pos1h_PosCTL,TRUE
PDK1,0.02375175889906048,Pos1h_PosCTL,FALSE
PEK,0.08315397139481744,Pos1h_PosCTL,FALSE
PHK,0.12094280591416699,Pos1h_PosCTL,FALSE
PIM,0.1252704616458306,Pos1h_PosCTL,FALSE
PKA,0.3116860486885618,Pos1h_PosCTL,TRUE
PKCA,0.1315406814165255,Pos1h_PosCTL,FALSE
PKCD,0.38440476765812936,Pos1h_PosCTL,TRUE
PKCH,-0.010712585173201426,Pos1h_PosCTL,FALSE
PKCI,0.20373165761929712,Pos1h_PosCTL,TRUE
PKD,0.28272837641137877,Pos1h_PosCTL,TRUE
PKG,0.342528987921218,Pos1h_PosCTL,TRUE
PKN,0.1315406814165255,Pos1h_PosCTL,FALSE
PLK,0.031668218433560824,Pos1h_PosCTL,FALSE
PRKDC,-0.00633771157027347,Pos1h_PosCTL,FALSE
QIK,0.08514901824307113,Pos1h_PosCTL,FALSE
RAD53,0.26340047843362785,Pos1h_PosCTL,TRUE
RAF,0.032048352568376785,Pos1h_PosCTL,FALSE
RIPK,0.28272837641137877,Pos1h_PosCTL,TRUE
RSK,0.26726732235874157,Pos1h_PosCTL,TRUE
SGK,0.0445287474436767,Pos1h_PosCTL,FALSE
SLK,-0.2198851713774048,Pos1h_PosCTL,TRUE
STE11,-0.09219229643520332,Pos1h_PosCTL,FALSE
STE7,0.14374921065951698,Pos1h_PosCTL,FALSE
STKR,0.27286354850873656,Pos1h_PosCTL,TRUE
SYK,-0.36049252681144334,Pos1h_PosCTL,TRUE
TAO,0.07594260934526739,Pos1h_PosCTL,FALSE
TEC,-0.36049252681144334,Pos1h_PosCTL,TRUE
VEGFR,-0.36049252681144334,Pos1h_PosCTL,TRUE
VRK1,-0.03699230533995153,Pos1h_PosCTL,FALSE
VRK2,0.07594260934526739,Pos1h_PosCTL,FALSE
AKT,-0.01852918243412027,Pos24h_PosCTL,FALSE
AMPK,0.00186152534004719,Pos24h_PosCTL,FALSE
ATM,0.14798602178108786,Pos24h_PosCTL,FALSE
ATR,-0.01852918243412027,Pos24h_PosCTL,FALSE
AUR,0.08569045927236077,Pos24h_PosCTL,FALSE
AXL,-0.11088716091607465,Pos24h_PosCTL,FALSE
BARK1,-0.03807554106350016,Pos24h_PosCTL,FALSE
BARK2,-0.10354680547877279,Pos24h_PosCTL,FALSE
BRSK,-0.20130022457170385,Pos24h_PosCTL,TRUE
CAMK1,-0.06605507463888274,Pos24h_PosCTL,FALSE
CAMK2,-0.08939978769669979,Pos24h_PosCTL,FALSE
CDK,-0.0727197262779035,Pos24h_PosCTL,FALSE
CHK1,-0.08898189398852821,Pos24h_PosCTL,FALSE
CK1,-0.06605507463888274,Pos24h_PosCTL,FALSE
CK2,-0.09485605030055844,Pos24h_PosCTL,FALSE
COT,-0.05852632140417846,Pos24h_PosCTL,FALSE
CSK,-0.11088716091607465,Pos24h_PosCTL,FALSE
DAPK,0.0340812083126741,Pos24h_PosCTL,FALSE
DMPK,-0.0191546226025269,Pos24h_PosCTL,FALSE
DYRK,-0.12914111590594413,Pos24h_PosCTL,FALSE
EGFR,-0.11088716091607465,Pos24h_PosCTL,FALSE
ERK,-0.12530494585622934,Pos24h_PosCTL,FALSE
FRAY,0.0799325219915108,Pos24h_PosCTL,FALSE
GRK,-0.15565221005725477,Pos24h_PosCTL,FALSE
GSK,-0.12530494585622934,Pos24h_PosCTL,FALSE
HAL,-0.1765203936299947,Pos24h_PosCTL,FALSE
IKK,-0.08898189398852821,Pos24h_PosCTL,FALSE
IRAK,-0.12914111590594413,Pos24h_PosCTL,FALSE
JNK,-0.08898189398852821,Pos24h_PosCTL,FALSE
KHS,-0.08856400028035664,Pos24h_PosCTL,FALSE
LKB,-0.14354204268858664,Pos24h_PosCTL,FALSE
MAPKAPK,-0.03421033025250282,Pos24h_PosCTL,FALSE
MARK,-0.13276892689319952,Pos24h_PosCTL,FALSE
MELK,-0.01615773760876197,Pos24h_PosCTL,FALSE
MLCK,-0.12914111590594413,Pos24h_PosCTL,FALSE
MLK,0.01892719536923574,Pos24h_PosCTL,FALSE
MOS,-0.1769738535060424,Pos24h_PosCTL,FALSE
MSN,-0.06722932414426423,Pos24h_PosCTL,FALSE
MST,-0.11061902033275187,Pos24h_PosCTL,FALSE
MTOR,-0.07903048772171524,Pos24h_PosCTL,FALSE
NAK,-0.2654759700240928,Pos24h_PosCTL,TRUE
NDR,0.08108369152275388,Pos24h_PosCTL,FALSE
NEK,-0.09280311886908535,Pos24h_PosCTL,FALSE
NMO,-0.14736907604042937,Pos24h_PosCTL,FALSE
P38,-0.09245462839171736,Pos24h_PosCTL,FALSE
PAKA,0.022090057319750812,Pos24h_PosCTL,FALSE
PAKB,0.058024539972760955,Pos24h_PosCTL,FALSE
PASK,0.06202457349598885,Pos24h_PosCTL,FALSE
PDGFR,-0.11088716091607465,Pos24h_PosCTL,FALSE
PDHK,-0.02120287876580177,Pos24h_PosCTL,FALSE
PDK1,-0.07233033573163392,Pos24h_PosCTL,FALSE
PEK,-0.0736993733018078,Pos24h_PosCTL,FALSE
PHK,-0.007148106134357389,Pos24h_PosCTL,FALSE
PIM,-0.02238860117848092,Pos24h_PosCTL,FALSE
PKA,-0.01615773760876197,Pos24h_PosCTL,FALSE
PKCA,-0.03807554106350016,Pos24h_PosCTL,FALSE
PKCD,0.08050810675713234,Pos24h_PosCTL,FALSE
PKCH,0.08369868910156979,Pos24h_PosCTL,FALSE
PKCI,0.04249878695850902,Pos24h_PosCTL,FALSE
PKD,0.00965633943463887,Pos24h_PosCTL,FALSE
PKG,-0.02238860117848092,Pos24h_PosCTL,FALSE
PKN,0.06100463769225654,Pos24h_PosCTL,FALSE
PLK,-0.027116639336131065,Pos24h_PosCTL,FALSE
PRKDC,-0.07506841087198168,Pos24h_PosCTL,FALSE
QIK,-0.007148106134357389,Pos24h_PosCTL,FALSE
RAD53,0.01892719536923574,Pos24h_PosCTL,FALSE
RAF,0.00931504536645366,Pos24h_PosCTL,FALSE
RIPK,-0.08939978769669979,Pos24h_PosCTL,FALSE
RSK,-0.02624801992284157,Pos24h_PosCTL,FALSE
SGK,-0.04260484862070482,Pos24h_PosCTL,FALSE
SLK,-0.07593232688435,Pos24h_PosCTL,FALSE
STE11,-0.14354204268858664,Pos24h_PosCTL,FALSE
STE7,-0.09553125017101469,Pos24h_PosCTL,FALSE
STKR,-0.13897843410435673,Pos24h_PosCTL,FALSE
SYK,-0.11088716091607465,Pos24h_PosCTL,FALSE
TAO,-0.21683799394231568,Pos24h_PosCTL,TRUE
TEC,-0.11088716091607465,Pos24h_PosCTL,FALSE
VEGFR,-0.11088716091607465,Pos24h_PosCTL,FALSE
VRK1,-0.13897843410435673,Pos24h_PosCTL,FALSE
VRK2,-0.03807554106350016,Pos24h_PosCTL,FALSE
AKT,0.23802138639178003,Pos4h_PosCTL,TRUE
AMPK,0.3516715580465369,Pos4h_PosCTL,TRUE
ATM,0.5930846444884814,Pos4h_PosCTL,TRUE
ATR,0.08996017736343939,Pos4h_PosCTL,FALSE
AUR,0.22534892361817813,Pos4h_PosCTL,TRUE
AXL,-0.2824976426732566,Pos4h_PosCTL,TRUE
BARK1,0.17896993712879272,Pos4h_PosCTL,FALSE
BARK2,-0.19031397199584615,Pos4h_PosCTL,FALSE
BRSK,0.450529505325442,Pos4h_PosCTL,TRUE
CAMK1,0.4553064511442682,Pos4h_PosCTL,TRUE
CAMK2,0.3433375854057612,Pos4h_PosCTL,TRUE
CDK,0.13059273597533289,Pos4h_PosCTL,FALSE
CHK1,0.347504571726149,Pos4h_PosCTL,TRUE
CK1,0.24722353772456587,Pos4h_PosCTL,TRUE
CK2,0.3433375854057612,Pos4h_PosCTL,TRUE
COT,-0.04691368409404095,Pos4h_PosCTL,FALSE
CSK,-0.2824976426732566,Pos4h_PosCTL,TRUE
DAPK,0.19616389661471492,Pos4h_PosCTL,FALSE
DMPK,0.21853458352464727,Pos4h_PosCTL,TRUE
DYRK,-0.0413458981667425,Pos4h_PosCTL,FALSE
EGFR,-0.2824976426732566,Pos4h_PosCTL,TRUE
ERK,0.02501026393917107,Pos4h_PosCTL,FALSE
FRAY,0.09254498121343988,Pos4h_PosCTL,FALSE
GRK,0.3993220182750147,Pos4h_PosCTL,TRUE
GSK,0.00317808418904443,Pos4h_PosCTL,FALSE
HAL,0.5393890408677617,Pos4h_PosCTL,TRUE
IKK,0.2650177808569837,Pos4h_PosCTL,TRUE
IRAK,0.01013623443491308,Pos4h_PosCTL,FALSE
JNK,0.01340483807345904,Pos4h_PosCTL,FALSE
KHS,0.21126819666598468,Pos4h_PosCTL,TRUE
LKB,0.01013623443491308,Pos4h_PosCTL,FALSE
MAPKAPK,0.22464479152888234,Pos4h_PosCTL,TRUE
MARK,0.33089885099571337,Pos4h_PosCTL,TRUE
MELK,0.1446030870873066,Pos4h_PosCTL,FALSE
MLCK,0.19252935617284123,Pos4h_PosCTL,FALSE
MLK,0.22498124209621934,Pos4h_PosCTL,TRUE
MOS,-0.12522795918963858,Pos4h_PosCTL,FALSE
MSN,0.10015492681526246,Pos4h_PosCTL,FALSE
MST,0.07442011940857156,Pos4h_PosCTL,FALSE
MTOR,-0.00378006605682422,Pos4h_PosCTL,FALSE
NAK,0.3433375854057612,Pos4h_PosCTL,TRUE
NDR,0.5393433687584022,Pos4h_PosCTL,TRUE
NEK,0.18635694851240872,Pos4h_PosCTL,FALSE
NMO,-0.27898531542381055,Pos4h_PosCTL,TRUE
P38,0.03988429344342906,Pos4h_PosCTL,FALSE
PAKA,0.49732490995133516,Pos4h_PosCTL,TRUE
PAKB,0.09728758705205895,Pos4h_PosCTL,FALSE
PASK,0.710043976023997,Pos4h_PosCTL,TRUE
PDGFR,-0.2824976426732566,Pos4h_PosCTL,TRUE
PDHK,0.3008226185060825,Pos4h_PosCTL,TRUE
PDK1,0.04294142054098948,Pos4h_PosCTL,FALSE
PEK,0.1868566112000184,Pos4h_PosCTL,FALSE
PHK,0.21490139009531598,Pos4h_PosCTL,TRUE
PIM,0.22827798495821366,Pos4h_PosCTL,TRUE
PKA,0.410031206756132,Pos4h_PosCTL,TRUE
PKCA,0.20273894646787277,Pos4h_PosCTL,TRUE
PKCD,0.5408926193758503,Pos4h_PosCTL,TRUE
PKCH,0.028556127499318976,Pos4h_PosCTL,FALSE
PKCI,0.3239179036585547,Pos4h_PosCTL,TRUE
PKD,0.4553064511442682,Pos4h_PosCTL,TRUE
PKG,0.4278113333774627,Pos4h_PosCTL,TRUE
PKN,0.03988429344342906,Pos4h_PosCTL,FALSE
PLK,0.1370406131402671,Pos4h_PosCTL,FALSE
PRKDC,0.04398542732114604,Pos4h_PosCTL,FALSE
QIK,0.20189877641941295,Pos4h_PosCTL,TRUE
RAD53,0.29484647221915844,Pos4h_PosCTL,TRUE
RAF,0.09820386169690729,Pos4h_PosCTL,FALSE
RIPK,0.450529505325442,Pos4h_PosCTL,TRUE
RSK,0.2583076516064038,Pos4h_PosCTL,TRUE
SGK,0.20553196984874425,Pos4h_PosCTL,TRUE
SLK,-0.22728272262966875,Pos4h_PosCTL,TRUE
STE11,-0.00378006605682422,Pos4h_PosCTL,FALSE
STE7,0.15061418701471202,Pos4h_PosCTL,FALSE
STKR,0.3433375854057612,Pos4h_PosCTL,TRUE
SYK,-0.2824976426732566,Pos4h_PosCTL,TRUE
TAO,0.24722353772456587,Pos4h_PosCTL,TRUE
TEC,-0.2824976426732566,Pos4h_PosCTL,TRUE
VEGFR,-0.2824976426732566,Pos4h_PosCTL,TRUE
VRK1,0.06174191125771837,Pos4h_PosCTL,FALSE
VRK2,0.17896993712879272,Pos4h_PosCTL,FALSE
