Group,Barcode,SampleName,Peptide,slope,r.seq,nobs
HPV+_0Gy,720012103,HPV+_0Gy_720012103,RS6_228_240,9.119430569908976,0.9999664480828387,5
HPV+_0Gy,720012103,HPV+_0Gy_720012103,RYR1_4317_4329,7.532116966543402,0.9997662546515325,5
HPV+_0Gy,720012103,HPV+_0Gy_720012103,TRPM7_1498_1510,10.149507481107227,0.9999738193231078,5
HPV+_0Gy,720012103,HPV+_0Gy_720012103,PTK6_436_448,10.119870975419662,0.9999928567270138,5
HPV+_0Gy,720012103,HPV+_0Gy_720012103,STK6_283_295,9.845549225081127,0.9999580979698031,5
HPV+_0Gy,720012103,HPV+_0Gy_720012103,NFKB1_330_342,8.356721867624762,0.9995636775068012,5
HPV+_0Gy,720012103,HPV+_0Gy_720012103,PPR1A_28_40,7.935637649654074,0.9999107793975471,5
HPV+_0Gy,720012103,HPV+_0Gy_720012103,GYS2_1_13,8.160632553016015,0.9998813918795953,5
HPV+_0Gy,720012103,HPV+_0Gy_720012103,ANDR_785_797,7.742484222502441,0.9993311546340697,5
HPV+_0Gy,720012103,HPV+_0Gy_720012103,GPSM2_394_406,8.074191964022866,0.9998734480429335,5
HPV+_0Gy,720012103,HPV+_0Gy_720012103,TPH2_10_22,7.234252576546509,0.9998643408661836,5
HPV+_0Gy,720012103,HPV+_0Gy_720012103,DESP_2842_2854,6.5033007261479865,0.9995582667591412,5
HPV+_0Gy,720012103,HPV+_0Gy_720012103,FOXO3_25_37,8.208533455477978,0.9998210407524001,5
HPV+_0Gy,720012103,HPV+_0Gy_720012103,CCR5_330_342,5.717094391305224,0.9993139871539722,5
HPV+_0Gy,720012103,HPV+_0Gy_720012103,MP2K1_287_299,7.8405107386042605,0.9999329465700165,5
HPV+_0Gy,720012103,HPV+_0Gy_720012103,CFTR_730_742,9.231900405017555,0.9998751437732998,5
HPV+_0Gy,720012103,HPV+_0Gy_720012103,ACM4_456_468,6.4218266649414835,0.9989325592646348,5
HPV+_0Gy,720012103,HPV+_0Gy_720012103,PDPK1_235_247,6.5505290036572825,0.9975145619767105,5
HPV+_0Gy,720012103,HPV+_0Gy_720012103,MARCS_160_172,6.392317422778761,0.9980997117540302,5
HPV+_0Gy,720012103,HPV+_0Gy_720012103,ACM1_444_456,7.081043720356062,0.9996330309423402,5
HPV+_0Gy,720012103,HPV+_0Gy_720012103,RB_242_254,7.144754425707406,0.9993604093380237,5
HPV+_0Gy,720012103,HPV+_0Gy_720012103,CO4A3_1429_1441,5.051798900580205,0.9944155576720122,5
HPV+_0Gy,720012103,HPV+_0Gy_720012103,GSUB_61_73,6.100216029630908,0.9963385554989495,5
HPV+_0Gy,720012103,HPV+_0Gy_720012103,NEK3_158_170,5.423096084329049,0.9725625169269657,5
HPV+_0Gy,720012103,HPV+_0Gy_720012103,RAP1B_172_184,6.623018726983232,0.9980403572880979,5
HPV+_0Gy,720012103,HPV+_0Gy_720012103,PLEK_106_118,10.386431928355051,0.9999982602047476,5
HPV+_0Gy,720012103,HPV+_0Gy_720012103,PTN12_32_44,8.650780813401022,0.9998827838892409,5
HPV+_0Gy,720012103,HPV+_0Gy_720012103,CGHB_109_121,7.602436262394744,0.9998292307883695,5
HPV+_0Gy,720012103,HPV+_0Gy_720012103,ADDB_696_708,4.897788388501266,0.9962328001787825,5
HPV+_0Gy,720012103,HPV+_0Gy_720012103,CDC2_154_169,4.919537971891721,0.9939332128011373,5
HPV+_0Gy,720012103,HPV+_0Gy_720012103,TRPM7_1466_1478,4.729460424509337,0.9930455924608677,5
HPV+_0Gy,720012103,HPV+_0Gy_720012103,MPIP3_208_220,4.88678938955201,0.995474937241882,5
HPV+_0Gy,720012103,HPV+_0Gy_720012103,PP2AB_297_309,3.9655665029361264,0.9919898136358375,5
HPV+_0Gy,720012103,HPV+_0Gy_720012103,ERF_519_531,5.393613062776833,0.9989342520445618,5
HPV+_0Gy,720012103,HPV+_0Gy_720012103,BCKD_45_57,5.653622496621386,0.9981132075471698,5
HPV+_0Gy,720012103,HPV+_0Gy_720012103,XPO1_1049_1061,6.627430641861614,0.9995136682518557,5
HPV+_0Gy,720012103,HPV+_0Gy_720012103,CAC1C_1974_1986,9.04995126526997,0.9998912177379554,5
HPV+_0Gy,720012103,HPV+_0Gy_720012103,NOS3_1171_1183,9.308339030139408,0.9999337247266848,5
HPV+_0Gy,720012103,HPV+_0Gy_720012103,FRAP_2443_2455,6.591187121261785,0.9992721322316074,5
HPV+_0Gy,720012103,HPV+_0Gy_720012103,LMNB1_16_28,4.708791087574015,0.9990410018514281,5
HPV+_0Gy,720012103,HPV+_0Gy_720012103,VASP_232_244,4.388423506674269,0.9934687953555879,5
HPV+_0Gy,720012103,HPV+_0Gy_720012103,RAF1_253_265,7.1470608930905755,0.9993989807325294,5
HPV+_0Gy,720012103,HPV+_0Gy_720012103,RBL2_655_667,7.660365965199448,0.9999450627829058,5
HPV+_0Gy,720012103,HPV+_0Gy_720012103,EPB42_241_253,8.189451624913643,0.9999593303917766,5
HPV+_0Gy,720012103,HPV+_0Gy_720012103,EZH2_305_317,7.788272023316168,0.9996368628750988,5
HPV+_0Gy,720012103,HPV+_0Gy_720012103,ANXA1_209_221,6.483359492918809,0.9982936293007768,5
HPV+_0Gy,720012103,HPV+_0Gy_720012103,P53_308_323,5.283306800860055,0.9957776240252819,5
HPV+_0Gy,720012103,HPV+_0Gy_720012103,RB_350_362,5.986325063102924,0.9966840761497144,5
HPV+_0Gy,720012103,HPV+_0Gy_720012103,BAD_69_81,5.8551623129397345,0.9990812288776048,5
HPV+_0Gy,720012103,HPV+_0Gy_720012103,AMOT_744_756,6.4173748803703985,0.9989339330568374,5
HPV+_0Gy,720012103,HPV+_0Gy_720012103,CENPA_1_14,8.220811785256414,0.9998868375642338,5
HPV+_0Gy,720012103,HPV+_0Gy_720012103,TY3H_65_77,10.123194145575054,0.9999826963106703,5
HPV+_0Gy,720012103,HPV+_0Gy_720012103,PKP1_167_179,7.105364981021283,0.9996824939205357,5
HPV+_0Gy,720012103,HPV+_0Gy_720012103,RB_803_815,6.403936506045594,0.9992649685270001,5
HPV+_0Gy,720012103,HPV+_0Gy_720012103,C1R_201_213,4.17897014104532,0.9660377358490566,5
HPV+_0Gy,720012103,HPV+_0Gy_720012103,NEK2_172_184,5.919537971891721,0.9992527400824938,5
HPV+_0Gy,720012103,HPV+_0Gy_720012103,MPIP1_172_184,7.89023559321526,0.9999471014049118,5
HPV+_0Gy,720012103,HPV+_0Gy_720012103,CSF1R_701_713,10.057736346863994,0.9999931881626413,5
HPV+_0Gy,720012103,HPV+_0Gy_720012103,CREB1_126_138,9.282695063546699,0.9999875742612256,5
HPV+_0Gy,720012103,HPV+_0Gy_720012103,BAD_93_105,8.097038285965324,0.9999269942404457,5
HPV+_0Gy,720012103,HPV+_0Gy_720012103,MBP_222_234,6.909157202580464,0.9996368710404409,5
HPV+_0Gy,720012103,HPV+_0Gy_720012103,KCNB1_489_501,5.189451624913642,0.992863741094276,5
HPV+_0Gy,720012103,HPV+_0Gy_720012103,RADI_559_569,4.302746681683742,0.9963174765061558,5
HPV+_0Gy,720012103,HPV+_0Gy_720012103,KCNA3_461_473,5.843832188940347,0.9983381745778636,5
HPV+_0Gy,720012103,HPV+_0Gy_720012103,KCNA1_438_450,6.190197396468574,0.9992327399855888,5
HPV+_0Gy,720012103,HPV+_0Gy_720012103,IRS1_788_800,8.441691428041013,0.9999782802377017,5
HPV+_0Gy,720012103,HPV+_0Gy_720012103,KCNH2_277_289,9.937804067349145,0.9999080823934866,5
HPV+_0Gy,720012103,HPV+_0Gy_720012103,REL_260_272,8.293059484341013,0.9998715451714965,5
HPV+_0Gy,720012103,HPV+_0Gy_720012103,KAPCG_192_206,5.443256343088573,0.992607387386042,5
HPV+_0Gy,720012103,HPV+_0Gy_720012103,TAU_524_536,5.861730691951586,0.998558098658178,5
HPV+_0Gy,720012103,HPV+_0Gy_720012103,GBF1_1331_1343,4.801510099582952,0.996534798000073,5
HPV+_0Gy,720012103,HPV+_0Gy_720012103,RB_774_786,3.5200070588803865,0.9633691233190868,5
HPV+_0Gy,720012103,HPV+_0Gy_720012103,PRKDC_2618_2630,5.842883983161298,0.9990805719542056,5
HPV+_0Gy,720012103,HPV+_0Gy_720012103,KS6A1_374_386,6.530645579326734,0.9981027318333663,5
HPV+_0Gy,720012103,HPV+_0Gy_720012103,VASP_271_283,8.50704662595428,0.9999329891600364,5
HPV+_0Gy,720012103,HPV+_0Gy_720012103,NMDZ1_890_902,9.811056553880501,0.999972710115304,5
HPV+_0Gy,720012103,HPV+_0Gy_720012103,H2B1B_ 27_40,7.179345793967866,0.999798119577725,5
HPV+_0Gy,720012103,HPV+_0Gy_720012103,IF4E_203_215,6.695195455583901,0.999324905474839,5
HPV+_0Gy,720012103,HPV+_0Gy_720012103,CDK7_163_175,6.436986472112489,0.9986390846404486,5
HPV+_0Gy,720012103,HPV+_0Gy_720012103,RBM26_833_845,7.096242755180959,0.999770813990536,5
HPV+_0Gy,720012103,HPV+_0Gy_720012103,ROA1_186_198,6.5441260698267385,0.9992302840972218,5
HPV+_0Gy,720012103,HPV+_0Gy_720012103,YAP1_374_386,4.003398576461865,0.9994190228517678,5
HPV+_0Gy,720012103,HPV+_0Gy_720012103,PLM_76_88,6.041917389066241,0.9998117471114332,5
HPV+_0Gy,720012103,HPV+_0Gy_720012103,FIBA_569_581,5.693092401216027,0.9978875781739416,5
HPV+_0Gy,720012103,HPV+_0Gy_720012103,KCC2G_278_289,4.871992387623929,0.9845590399267519,5
HPV+_0Gy,720012103,HPV+_0Gy_720012103,NR4A1_344_356,7.234252576546509,0.9999309097304223,5
HPV+_0Gy,720012103,HPV+_0Gy_720012103,RUNX3_8_20,8.601735754956417,0.9999525907839314,5
HPV+_0Gy,720012103,HPV+_0Gy_720012103,NCF1_321_333,9.663054551592335,0.9999221314121243,5
HPV+_0Gy,720012103,HPV+_0Gy_720012103,ADDB_706_718,7.343541907993425,0.9999064025715002,5
HPV+_0Gy,720012103,HPV+_0Gy_720012103,H32_3_18,8.134910592334798,0.9999196461619915,5
HPV+_0Gy,720012103,HPV+_0Gy_720012103,RIT1_202_214,6.680409286204192,0.9998367784450102,5
HPV+_0Gy,720012103,HPV+_0Gy_720012103,BUB1_207_219,6.072979445357106,0.9981734243275794,5
HPV+_0Gy,720012103,HPV+_0Gy_720012103,BAD_112_124,6.822826330820044,0.9980681835824438,5
HPV+_0Gy,720012103,HPV+_0Gy_720012103,GPR6_349_361,7.484575930630749,0.9998844059959728,5
HPV+_0Gy,720012103,HPV+_0Gy_720012103,KCNA2_442_454,7.764683849823484,0.9998479403152943,5
HPV+_0Gy,720012103,HPV+_0Gy_720012103,ARHG2_166_178,5.8199380514952175,0.995835814395791,5
HPV+_0Gy,720012103,HPV+_0Gy_720012103,MARCS_152_164,6.416737788268684,0.9965094825658822,5
HPV+_0Gy,720012103,HPV+_0Gy_720012103,CD27_212_224,6.458812834565667,0.9986364588732177,5
HPV+_0Gy,720012103,HPV+_0Gy_720012103,SV2A_36_48,8.699916148895321,0.9999948946410364,5
HPV+_0Gy,720012103,HPV+_0Gy_720012103,ERBB2_679_691,9.392641441879706,0.9998089799587783,5
HPV+_0Gy,720012103,HPV+_0Gy_720012103,KAP2_92_104,8.299640027685578,0.9998623302610993,5
HPV+_0Gy,720012103,HPV+_0Gy_720012103,ESR1_160_172,9.647865660661864,0.9999631406853154,5
HPV+_0Gy,720012103,HPV+_0Gy_720012103,ADRB2_338_350,8.030094503932073,0.9997414145505413,5
HPV+_0Gy,720012103,HPV+_0Gy_720012103,KPB1_1011_1023,8.634434362920743,0.999402901118897,5
HPV+_0Gy,720012103,HPV+_0Gy_720012103,SCN7A_898_910,8.729460424509336,0.99995924840657,5
HPV+_0Gy,720012103,HPV+_0Gy_720012103,KIF2C_105_118_S106G,9.442630580753502,0.9999514189261277,5
HPV+_0Gy,720012103,HPV+_0Gy_720012103,VASP_150_162,9.570428561094987,0.9998722246434416,5
HPV+_0Gy,720012103,HPV+_0Gy_720012103,VIME_28_40,8.397977277197128,0.999990125960951,5
HPV+_0Gy,720012103,HPV+_0Gy_720012103,MYL9_14_26,9.157871231103446,0.999857606909366,5
HPV+_6Gy_5m,720012103,HPV+_6Gy_5m_720012103,RS6_228_240,9.982078756569507,0.99998815400946,5
HPV+_6Gy_5m,720012103,HPV+_6Gy_5m_720012103,RYR1_4317_4329,7.821864213384661,0.9996904053176655,5
HPV+_6Gy_5m,720012103,HPV+_6Gy_5m_720012103,TRPM7_1498_1510,11.093131002654793,0.999969735960375,5
HPV+_6Gy_5m,720012103,HPV+_6Gy_5m_720012103,PTK6_436_448,10.843358163951397,0.9999863129028598,5
HPV+_6Gy_5m,720012103,HPV+_6Gy_5m_720012103,STK6_283_295,10.677786113030667,0.999994348720199,5
HPV+_6Gy_5m,720012103,HPV+_6Gy_5m_720012103,NFKB1_330_342,9.383459774797544,0.9997841870263782,5
HPV+_6Gy_5m,720012103,HPV+_6Gy_5m_720012103,PPR1A_28_40,8.374055216386033,0.999737246374075,5
HPV+_6Gy_5m,720012103,HPV+_6Gy_5m_720012103,GYS2_1_13,8.441847995954877,0.9997023245760523,5
HPV+_6Gy_5m,720012103,HPV+_6Gy_5m_720012103,ANDR_785_797,7.963168731673332,0.9996943431887519,5
HPV+_6Gy_5m,720012103,HPV+_6Gy_5m_720012103,GPSM2_394_406,9.224365784248846,0.9999884620175907,5
HPV+_6Gy_5m,720012103,HPV+_6Gy_5m_720012103,TPH2_10_22,7.381910199715595,0.9969743346623672,5
HPV+_6Gy_5m,720012103,HPV+_6Gy_5m_720012103,DESP_2842_2854,7.635119175693315,0.9998841291527593,5
HPV+_6Gy_5m,720012103,HPV+_6Gy_5m_720012103,FOXO3_25_37,8.38044064434344,0.9999623154398989,5
HPV+_6Gy_5m,720012103,HPV+_6Gy_5m_720012103,CCR5_330_342,5.696245834254901,0.9831714569912353,5
HPV+_6Gy_5m,720012103,HPV+_6Gy_5m_720012103,MP2K1_287_299,7.840273199286874,0.999991567620095,5
HPV+_6Gy_5m,720012103,HPV+_6Gy_5m_720012103,CFTR_730_742,10.46124776348272,0.9999861655057043,5
HPV+_6Gy_5m,720012103,HPV+_6Gy_5m_720012103,ACM4_456_468,6.651999363083339,0.99898796244982,5
HPV+_6Gy_5m,720012103,HPV+_6Gy_5m_720012103,PDPK1_235_247,6.6007544727647485,0.9992377908320406,5
HPV+_6Gy_5m,720012103,HPV+_6Gy_5m_720012103,MARCS_160_172,6.639494296683629,0.9988715020642382,5
HPV+_6Gy_5m,720012103,HPV+_6Gy_5m_720012103,ACM1_444_456,7.29756520224519,0.9995279137052248,5
HPV+_6Gy_5m,720012103,HPV+_6Gy_5m_720012103,RB_242_254,7.361530026552708,0.9999238691328295,5
HPV+_6Gy_5m,720012103,HPV+_6Gy_5m_720012103,CO4A3_1429_1441,5.442004546879113,0.9956142390937394,5
HPV+_6Gy_5m,720012103,HPV+_6Gy_5m_720012103,GSUB_61_73,6.402650108242228,0.9994818230443592,5
HPV+_6Gy_5m,720012103,HPV+_6Gy_5m_720012103,NEK3_158_170,5.628531515658556,0.9832837511585066,5
HPV+_6Gy_5m,720012103,HPV+_6Gy_5m_720012103,RAP1B_172_184,7.125389100840476,0.999658991417829,5
HPV+_6Gy_5m,720012103,HPV+_6Gy_5m_720012103,PLEK_106_118,10.354311765610545,0.9999597821087719,5
HPV+_6Gy_5m,720012103,HPV+_6Gy_5m_720012103,PTN12_32_44,9.525483874210956,0.9999611992270256,5
HPV+_6Gy_5m,720012103,HPV+_6Gy_5m_720012103,CGHB_109_121,8.065276404497746,0.9997752462498212,5
HPV+_6Gy_5m,720012103,HPV+_6Gy_5m_720012103,ADDB_696_708,5.295833898736218,0.9969191282669292,5
HPV+_6Gy_5m,720012103,HPV+_6Gy_5m_720012103,CDC2_154_169,5.187958924272574,0.9981132075471698,5
HPV+_6Gy_5m,720012103,HPV+_6Gy_5m_720012103,TRPM7_1466_1478,4.712948713047671,0.9863289226496773,5
HPV+_6Gy_5m,720012103,HPV+_6Gy_5m_720012103,MPIP3_208_220,5.035291912251202,0.9936067471908634,5
HPV+_6Gy_5m,720012103,HPV+_6Gy_5m_720012103,PP2AB_297_309,4.578141234865142,0.9947591857000992,5
HPV+_6Gy_5m,720012103,HPV+_6Gy_5m_720012103,ERF_519_531,5.820901453895552,0.9985777856888574,5
HPV+_6Gy_5m,720012103,HPV+_6Gy_5m_720012103,BCKD_45_57,5.980301275475154,0.9981096415058679,5
HPV+_6Gy_5m,720012103,HPV+_6Gy_5m_720012103,XPO1_1049_1061,7.039022486192587,0.9995428277032421,5
HPV+_6Gy_5m,720012103,HPV+_6Gy_5m_720012103,CAC1C_1974_1986,9.866054164714102,0.9998510783673894,5
HPV+_6Gy_5m,720012103,HPV+_6Gy_5m_720012103,NOS3_1171_1183,9.672558770414678,0.9999132095868322,5
HPV+_6Gy_5m,720012103,HPV+_6Gy_5m_720012103,FRAP_2443_2455,7.089063168692182,0.9998628206260634,5
HPV+_6Gy_5m,720012103,HPV+_6Gy_5m_720012103,LMNB1_16_28,5.1744546599228265,0.9954014868272324,5
HPV+_6Gy_5m,720012103,HPV+_6Gy_5m_720012103,VASP_232_244,4.548203950711039,0.9962678830603359,5
HPV+_6Gy_5m,720012103,HPV+_6Gy_5m_720012103,RAF1_253_265,7.291670273794682,0.9996807118282176,5
HPV+_6Gy_5m,720012103,HPV+_6Gy_5m_720012103,RBL2_655_667,7.567848479857309,0.9995304566621305,5
HPV+_6Gy_5m,720012103,HPV+_6Gy_5m_720012103,EPB42_241_253,9.21018887165604,0.9998247456653123,5
HPV+_6Gy_5m,720012103,HPV+_6Gy_5m_720012103,EZH2_305_317,8.878021985062169,0.9998084908233041,5
HPV+_6Gy_5m,720012103,HPV+_6Gy_5m_720012103,ANXA1_209_221,6.961203950350059,0.9993239589462705,5
HPV+_6Gy_5m,720012103,HPV+_6Gy_5m_720012103,P53_308_323,5.579280354577611,0.9943687359853318,5
HPV+_6Gy_5m,720012103,HPV+_6Gy_5m_720012103,RB_350_362,6.432581292992488,0.9978690500903687,5
HPV+_6Gy_5m,720012103,HPV+_6Gy_5m_720012103,BAD_69_81,6.442630580753502,0.9993595326186934,5
HPV+_6Gy_5m,720012103,HPV+_6Gy_5m_720012103,AMOT_744_756,6.450744396443272,0.9988147597360348,5
HPV+_6Gy_5m,720012103,HPV+_6Gy_5m_720012103,CENPA_1_14,8.663054551592335,0.9998348837817853,5
HPV+_6Gy_5m,720012103,HPV+_6Gy_5m_720012103,TY3H_65_77,11.309605050990244,0.9999871338975422,5
HPV+_6Gy_5m,720012103,HPV+_6Gy_5m_720012103,PKP1_167_179,7.340857823422213,0.9996531257143043,5
HPV+_6Gy_5m,720012103,HPV+_6Gy_5m_720012103,RB_803_815,6.5253361252179545,0.9997702962322877,5
HPV+_6Gy_5m,720012103,HPV+_6Gy_5m_720012103,C1R_201_213,4.0435690149373995,0.9926139612245959,5
HPV+_6Gy_5m,720012103,HPV+_6Gy_5m_720012103,NEK2_172_184,6.277002224005846,0.9957475253828053,5
HPV+_6Gy_5m,720012103,HPV+_6Gy_5m_720012103,MPIP1_172_184,7.8523381129365895,0.99984579766649,5
HPV+_6Gy_5m,720012103,HPV+_6Gy_5m_720012103,CSF1R_701_713,10.86829842546039,0.9999898730173112,5
HPV+_6Gy_5m,720012103,HPV+_6Gy_5m_720012103,CREB1_126_138,10.178688337149339,0.9999462222053235,5
HPV+_6Gy_5m,720012103,HPV+_6Gy_5m_720012103,BAD_93_105,8.540621545736924,0.999885653920748,5
HPV+_6Gy_5m,720012103,HPV+_6Gy_5m_720012103,MBP_222_234,7.112464096148467,0.9994283730893123,5
HPV+_6Gy_5m,720012103,HPV+_6Gy_5m_720012103,KCNB1_489_501,5.664396968215561,0.9988807538322017,5
HPV+_6Gy_5m,720012103,HPV+_6Gy_5m_720012103,RADI_559_569,4.912324481659147,0.9946332625265525,5
HPV+_6Gy_5m,720012103,HPV+_6Gy_5m_720012103,KCNA3_461_473,6.153193506111897,0.9993021452571723,5
HPV+_6Gy_5m,720012103,HPV+_6Gy_5m_720012103,KCNA1_438_450,7.101009373088288,0.9999511925709955,5
HPV+_6Gy_5m,720012103,HPV+_6Gy_5m_720012103,IRS1_788_800,8.588219629558917,0.9999459842526649,5
HPV+_6Gy_5m,720012103,HPV+_6Gy_5m_720012103,KCNH2_277_289,11.195151639343626,0.9999745400205073,5
HPV+_6Gy_5m,720012103,HPV+_6Gy_5m_720012103,REL_260_272,9.48723331771638,0.9999077305587466,5
HPV+_6Gy_5m,720012103,HPV+_6Gy_5m_720012103,KAPCG_192_206,5.565551194274936,0.9952261497049123,5
HPV+_6Gy_5m,720012103,HPV+_6Gy_5m_720012103,TAU_524_536,5.975983118881465,0.996484291056002,5
HPV+_6Gy_5m,720012103,HPV+_6Gy_5m_720012103,GBF1_1331_1343,3.860794181019065,0.9643786597267404,5
HPV+_6Gy_5m,720012103,HPV+_6Gy_5m_720012103,RB_774_786,3.266432982295659,0.9737196765498651,5
HPV+_6Gy_5m,720012103,HPV+_6Gy_5m_720012103,PRKDC_2618_2630,6.079434467494405,0.9993383934100747,5
HPV+_6Gy_5m,720012103,HPV+_6Gy_5m_720012103,KS6A1_374_386,6.7848200082403,0.9985490889995778,5
HPV+_6Gy_5m,720012103,HPV+_6Gy_5m_720012103,VASP_271_283,9.07510068472814,0.9998457772599008,5
HPV+_6Gy_5m,720012103,HPV+_6Gy_5m_720012103,NMDZ1_890_902,10.477376439467044,0.9999925318625469,5
HPV+_6Gy_5m,720012103,HPV+_6Gy_5m_720012103,H2B1B_ 27_40,7.552270337653708,0.9997113281089001,5
HPV+_6Gy_5m,720012103,HPV+_6Gy_5m_720012103,IF4E_203_215,6.958142295332215,0.9996073210456584,5
HPV+_6Gy_5m,720012103,HPV+_6Gy_5m_720012103,CDK7_163_175,6.719679403716751,0.9991570849818698,5
HPV+_6Gy_5m,720012103,HPV+_6Gy_5m_720012103,RBM26_833_845,7.403293450523074,0.9998731042021191,5
HPV+_6Gy_5m,720012103,HPV+_6Gy_5m_720012103,ROA1_186_198,6.749331869374753,0.9993632413584512,5
HPV+_6Gy_5m,720012103,HPV+_6Gy_5m_720012103,YAP1_374_386,4.013546531837948,0.9417716312785975,5
HPV+_6Gy_5m,720012103,HPV+_6Gy_5m_720012103,PLM_76_88,7.048101260689613,0.9992142968562124,5
HPV+_6Gy_5m,720012103,HPV+_6Gy_5m_720012103,FIBA_569_581,6.021110927477005,0.9981030979251685,5
HPV+_6Gy_5m,720012103,HPV+_6Gy_5m_720012103,KCC2G_278_289,4.884948042727841,0.9946446243449764,5
HPV+_6Gy_5m,720012103,HPV+_6Gy_5m_720012103,NR4A1_344_356,7.614709844115208,0.9998467854406883,5
HPV+_6Gy_5m,720012103,HPV+_6Gy_5m_720012103,RUNX3_8_20,8.711261122489331,0.9998238795959191,5
HPV+_6Gy_5m,720012103,HPV+_6Gy_5m_720012103,NCF1_321_333,10.652709708717524,0.9999786049434092,5
HPV+_6Gy_5m,720012103,HPV+_6Gy_5m_720012103,ADDB_706_718,7.6967707369497544,0.9997715885378855,5
HPV+_6Gy_5m,720012103,HPV+_6Gy_5m_720012103,H32_3_18,8.359873850224702,0.999806830527425,5
HPV+_6Gy_5m,720012103,HPV+_6Gy_5m_720012103,RIT1_202_214,7.167654827817485,0.9995207621534304,5
HPV+_6Gy_5m,720012103,HPV+_6Gy_5m_720012103,BUB1_207_219,6.2564980042379394,0.9989257962225213,5
HPV+_6Gy_5m,720012103,HPV+_6Gy_5m_720012103,BAD_112_124,7.860794181019065,0.9998529689985924,5
HPV+_6Gy_5m,720012103,HPV+_6Gy_5m_720012103,GPR6_349_361,7.812449789180367,0.9995585822804207,5
HPV+_6Gy_5m,720012103,HPV+_6Gy_5m_720012103,KCNA2_442_454,8.333956976492667,0.9999819613867003,5
HPV+_6Gy_5m,720012103,HPV+_6Gy_5m_720012103,ARHG2_166_178,6.103386789238852,0.9950047207277415,5
HPV+_6Gy_5m,720012103,HPV+_6Gy_5m_720012103,MARCS_152_164,7.1539582530372465,0.9995063897752369,5
HPV+_6Gy_5m,720012103,HPV+_6Gy_5m_720012103,CD27_212_224,6.991468366378883,0.9996996606235383,5
HPV+_6Gy_5m,720012103,HPV+_6Gy_5m_720012103,SV2A_36_48,9.246135568062432,0.9998251490601753,5
HPV+_6Gy_5m,720012103,HPV+_6Gy_5m_720012103,ERBB2_679_691,9.78309089831904,0.9999644940756138,5
HPV+_6Gy_5m,720012103,HPV+_6Gy_5m_720012103,KAP2_92_104,9.381991797806219,0.9999420763842612,5
HPV+_6Gy_5m,720012103,HPV+_6Gy_5m_720012103,ESR1_160_172,10.274323205366814,0.9999951638298816,5
HPV+_6Gy_5m,720012103,HPV+_6Gy_5m_720012103,ADRB2_338_350,8.998191244595473,0.9999565502878006,5
HPV+_6Gy_5m,720012103,HPV+_6Gy_5m_720012103,KPB1_1011_1023,9.91537207236361,0.999957472861845,5
HPV+_6Gy_5m,720012103,HPV+_6Gy_5m_720012103,SCN7A_898_910,9.9319639768986,0.9999709836275671,5
HPV+_6Gy_5m,720012103,HPV+_6Gy_5m_720012103,KIF2C_105_118_S106G,9.644536545854718,0.9999165817647738,5
HPV+_6Gy_5m,720012103,HPV+_6Gy_5m_720012103,VASP_150_162,10.7295886811695,0.9999935870492376,5
HPV+_6Gy_5m,720012103,HPV+_6Gy_5m_720012103,VIME_28_40,8.724320785867619,0.9999556138738167,5
HPV+_6Gy_5m,720012103,HPV+_6Gy_5m_720012103,MYL9_14_26,9.22099425474896,0.9999532816184361,5
HPV+_0Gy,720012113,HPV+_0Gy_720012113,RS6_228_240,9.000106326789368,0.999669076843898,5
HPV+_0Gy,720012113,HPV+_0Gy_720012113,RYR1_4317_4329,7.402650108242228,0.9996398438859473,5
HPV+_0Gy,720012113,HPV+_0Gy_720012113,TRPM7_1498_1510,10.210786194324303,0.9999803253277272,5
HPV+_0Gy,720012113,HPV+_0Gy_720012113,PTK6_436_448,9.966219749513233,0.9999314579816266,5
HPV+_0Gy,720012113,HPV+_0Gy_720012113,STK6_283_295,9.80808386272535,0.9999968742762683,5
HPV+_0Gy,720012113,HPV+_0Gy_720012113,NFKB1_330_342,8.192990611360255,0.9974398115645585,5
HPV+_0Gy,720012113,HPV+_0Gy_720012113,PPR1A_28_40,8.115411781654378,0.9998382162204391,5
HPV+_0Gy,720012113,HPV+_0Gy_720012113,GYS2_1_13,8.477872794833958,0.9998573435797441,5
HPV+_0Gy,720012113,HPV+_0Gy_720012113,ANDR_785_797,7.495176235784496,0.9996807821122523,5
HPV+_0Gy,720012113,HPV+_0Gy_720012113,GPSM2_394_406,7.670823237374995,0.9998703871720334,5
HPV+_0Gy,720012113,HPV+_0Gy_720012113,TPH2_10_22,7.116785309848739,0.9990970397882999,5
HPV+_0Gy,720012113,HPV+_0Gy_720012113,DESP_2842_2854,5.90598295478532,0.9997905323803679,5
HPV+_0Gy,720012113,HPV+_0Gy_720012113,FOXO3_25_37,8.195964091822136,0.9993374150731575,5
HPV+_0Gy,720012113,HPV+_0Gy_720012113,CCR5_330_342,5.184968881666762,0.992858821769696,5
HPV+_0Gy,720012113,HPV+_0Gy_720012113,MP2K1_287_299,7.843121093037892,0.9997951926849362,5
HPV+_0Gy,720012113,HPV+_0Gy_720012113,CFTR_730_742,8.962514101831855,0.9999172115665568,5
HPV+_0Gy,720012113,HPV+_0Gy_720012113,ACM4_456_468,6.424998121573424,0.9958777916288111,5
HPV+_0Gy,720012113,HPV+_0Gy_720012113,PDPK1_235_247,5.947154465822246,0.9975911302842131,5
HPV+_0Gy,720012113,HPV+_0Gy_720012113,MARCS_160_172,6.0762105666201185,0.9988358687399826,5
HPV+_0Gy,720012113,HPV+_0Gy_720012113,ACM1_444_456,6.968177716392664,0.9995636434951012,5
HPV+_0Gy,720012113,HPV+_0Gy_720012113,RB_242_254,7.414186602739351,0.9991427005080711,5
HPV+_0Gy,720012113,HPV+_0Gy_720012113,CO4A3_1429_1441,4.655783837910853,0.9801304720275881,5
HPV+_0Gy,720012113,HPV+_0Gy_720012113,GSUB_61_73,5.90870416598045,0.9983314294717768,5
HPV+_0Gy,720012113,HPV+_0Gy_720012113,NEK3_158_170,4.910515459427272,0.9954381621011721,5
HPV+_0Gy,720012113,HPV+_0Gy_720012113,RAP1B_172_184,6.38060400221497,0.9993059555409796,5
HPV+_0Gy,720012113,HPV+_0Gy_720012113,PLEK_106_118,10.097833378319914,0.9999948655675748,5
HPV+_0Gy,720012113,HPV+_0Gy_720012113,PTN12_32_44,8.840035620852268,0.9996335409284027,5
HPV+_0Gy,720012113,HPV+_0Gy_720012113,CGHB_109_121,7.424364387743383,0.9996591046697256,5
HPV+_0Gy,720012113,HPV+_0Gy_720012113,ADDB_696_708,4.493666666701606,0.99477782739756615,5
HPV+_0Gy,720012113,HPV+_0Gy_720012113,CDC2_154_169,4.6119295483214255,0.9891032435870256,5
HPV+_0Gy,720012113,HPV+_0Gy_720012113,TRPM7_1466_1478,4.44700522793748,0.9682752224444252,5
HPV+_0Gy,720012113,HPV+_0Gy_720012113,MPIP3_208_220,3.897788388501266,0.997921330348577,5
HPV+_0Gy,720012113,HPV+_0Gy_720012113,PP2AB_297_309,3.8794098591864117,0.9861894573040264,5
HPV+_0Gy,720012113,HPV+_0Gy_720012113,ERF_519_531,5.071361166958723,0.9939540008263326,5
HPV+_0Gy,720012113,HPV+_0Gy_720012113,BCKD_45_57,5.38060400221497,0.998980378014196,5
HPV+_0Gy,720012113,HPV+_0Gy_720012113,XPO1_1049_1061,6.560368887617771,0.9994824423480084,5
HPV+_0Gy,720012113,HPV+_0Gy_720012113,CAC1C_1974_1986,8.563538064219145,0.9997451522333493,5
HPV+_0Gy,720012113,HPV+_0Gy_720012113,NOS3_1171_1183,9.35397902155305,0.9999716047036896,5
HPV+_0Gy,720012113,HPV+_0Gy_720012113,FRAP_2443_2455,5.846673072774412,0.998173725685443,5
HPV+_0Gy,720012113,HPV+_0Gy_720012113,LMNB1_16_28,4.243623099387573,0.964460943778943,5
HPV+_0Gy,720012113,HPV+_0Gy_720012113,VASP_232_244,3.996593398556751,0.9430220301465163,5
HPV+_0Gy,720012113,HPV+_0Gy_720012113,RAF1_253_265,6.792207095761652,0.9997796675193298,5
HPV+_0Gy,720012113,HPV+_0Gy_720012113,RBL2_655_667,7.753878977102553,0.9997219463753724,5
HPV+_0Gy,720012113,HPV+_0Gy_720012113,EPB42_241_253,8.170491987121014,0.9999292420667492,5
HPV+_0Gy,720012113,HPV+_0Gy_720012113,EZH2_305_317,7.831217601079185,0.999495192320886,5
HPV+_0Gy,720012113,HPV+_0Gy_720012113,ANXA1_209_221,6.0681191542665704,0.9974392629519784,5
HPV+_0Gy,720012113,HPV+_0Gy_720012113,P53_308_323,5.445756681740221,0.9929105727364074,5
HPV+_0Gy,720012113,HPV+_0Gy_720012113,RB_350_362,5.940078081109329,0.9965249439082052,5
HPV+_0Gy,720012113,HPV+_0Gy_720012113,BAD_69_81,5.545875144651066,0.998888128523479,5
HPV+_0Gy,720012113,HPV+_0Gy_720012113,AMOT_744_756,6.629631550054885,0.999482648999701,5
HPV+_0Gy,720012113,HPV+_0Gy_720012113,CENPA_1_14,8.17558485586068,0.9999683859637767,5
HPV+_0Gy,720012113,HPV+_0Gy_720012113,TY3H_65_77,10.141625195226966,0.999969061475824,5
HPV+_0Gy,720012113,HPV+_0Gy_720012113,PKP1_167_179,6.900069329752505,0.9999166505291444,5
HPV+_0Gy,720012113,HPV+_0Gy_720012113,RB_803_815,6.340857823422214,0.9981058524745493,5
HPV+_0Gy,720012113,HPV+_0Gy_720012113,C1R_201_213,3.6296315500548846,0.9529984941093099,5
HPV+_0Gy,720012113,HPV+_0Gy_720012113,NEK2_172_184,5.90325660114078,0.998323556726808,5
HPV+_0Gy,720012113,HPV+_0Gy_720012113,MPIP1_172_184,8.083855600763462,0.999844306501509,5
HPV+_0Gy,720012113,HPV+_0Gy_720012113,CSF1R_701_713,9.95007440026437,0.9999918341148532,5
HPV+_0Gy,720012113,HPV+_0Gy_720012113,CREB1_126_138,9.408029260679477,0.999945295921268,5
HPV+_0Gy,720012113,HPV+_0Gy_720012113,BAD_93_105,7.948257022269404,0.999895778601538,5
HPV+_0Gy,720012113,HPV+_0Gy_720012113,MBP_222_234,7.227002837467121,0.9997158330468406,5
HPV+_0Gy,720012113,HPV+_0Gy_720012113,KCNB1_489_501,4.868269301581211,0.9932619292369931,5
HPV+_0Gy,720012113,HPV+_0Gy_720012113,RADI_559_569,4.163863248655112,0.9808929658290584,5
HPV+_0Gy,720012113,HPV+_0Gy_720012113,KCNA3_461_473,5.401362562381768,0.9994900560938297,5
HPV+_0Gy,720012113,HPV+_0Gy_720012113,KCNA1_438_450,6.190197396468574,0.9997983967871656,5
HPV+_0Gy,720012113,HPV+_0Gy_720012113,IRS1_788_800,8.569712334579314,0.9999163750956178,5
HPV+_0Gy,720012113,HPV+_0Gy_720012113,KCNH2_277_289,9.812994602167771,0.9999657862601979,5
HPV+_0Gy,720012113,HPV+_0Gy_720012113,REL_260_272,8.24989608603083,0.999933451975559,5
HPV+_0Gy,720012113,HPV+_0Gy_720012113,KAPCG_192_206,5.119136891528137,0.9934542004848741,5
HPV+_0Gy,720012113,HPV+_0Gy_720012113,TAU_524_536,5.771925432520007,0.9972385386989836,5
HPV+_0Gy,720012113,HPV+_0Gy_720012113,GBF1_1331_1343,4.35954238668714,0.9935405895387095,5
HPV+_0Gy,720012113,HPV+_0Gy_720012113,RB_774_786,3.6296315500548846,0.9806216388661015,5
HPV+_0Gy,720012113,HPV+_0Gy_720012113,PRKDC_2618_2630,5.527108115255531,0.9973511437635666,5
HPV+_0Gy,720012113,HPV+_0Gy_720012113,KS6A1_374_386,6.751354575687007,0.9983960304356133,5
HPV+_0Gy,720012113,HPV+_0Gy_720012113,VASP_271_283,8.381583761193806,0.9999309229240138,5
HPV+_0Gy,720012113,HPV+_0Gy_720012113,NMDZ1_890_902,9.561017694892566,0.9998393715339837,5
HPV+_0Gy,720012113,HPV+_0Gy_720012113,H2B1B_ 27_40,6.629631550054885,0.9992520168985549,5
HPV+_0Gy,720012113,HPV+_0Gy_720012113,IF4E_203_215,6.625777754484836,0.9983817288867444,5
HPV+_0Gy,720012113,HPV+_0Gy_720012113,CDK7_163_175,5.822826330820044,0.9995957190647338,5
HPV+_0Gy,720012113,HPV+_0Gy_720012113,RBM26_833_845,7.032383670723183,0.9995855950892727,5
HPV+_0Gy,720012113,HPV+_0Gy_720012113,ROA1_186_198,6.1409021002118,0.9974186739685391,5
HPV+_0Gy,720012113,HPV+_0Gy_720012113,YAP1_374_386,3.8532801273617583,0.9884703504043126,5
HPV+_0Gy,720012113,HPV+_0Gy_720012113,PLM_76_88,6.003398576461865,0.9974081193852653,5
HPV+_0Gy,720012113,HPV+_0Gy_720012113,FIBA_569_581,5.316473664795255,0.9990646669891954,5
HPV+_0Gy,720012113,HPV+_0Gy_720012113,KCC2G_278_289,4.469296238546853,0.9910521168890934,5
HPV+_0Gy,720012113,HPV+_0Gy_720012113,NR4A1_344_356,7.2280926235249,0.9992453463234293,5
HPV+_0Gy,720012113,HPV+_0Gy_720012113,RUNX3_8_20,8.852691440431123,0.9999471068111957,5
HPV+_0Gy,720012113,HPV+_0Gy_720012113,NCF1_321_333,9.742547775950213,0.9999176739907497,5
HPV+_0Gy,720012113,HPV+_0Gy_720012113,ADDB_706_718,6.445756681740221,0.9994156449818513,5
HPV+_0Gy,720012113,HPV+_0Gy_720012113,H32_3_18,7.868036289379964,0.9997081612856866,5
HPV+_0Gy,720012113,HPV+_0Gy_720012113,RIT1_202_214,6.448252694544291,0.9969421078305424,5
HPV+_0Gy,720012113,HPV+_0Gy_720012113,BUB1_207_219,5.912324481659147,0.992989240605021,5
HPV+_0Gy,720012113,HPV+_0Gy_720012113,BAD_112_124,6.402006478947194,0.9988009411090848,5
HPV+_0Gy,720012113,HPV+_0Gy_720012113,GPR6_349_361,6.917287628211485,0.9998449438640262,5
HPV+_0Gy,720012113,HPV+_0Gy_720012113,KCNA2_442_454,7.61942408486835,0.99978428136867,5
HPV+_0Gy,720012113,HPV+_0Gy_720012113,ARHG2_166_178,5.653622496621386,0.9910427479895747,5
HPV+_0Gy,720012113,HPV+_0Gy_720012113,MARCS_152_164,6.290975166558451,0.9991170526032446,5
HPV+_0Gy,720012113,HPV+_0Gy_720012113,CD27_212_224,6.240746338632009,0.9987331856129278,5
HPV+_0Gy,720012113,HPV+_0Gy_720012113,SV2A_36_48,8.424522847301002,0.9998467684423317,5
HPV+_0Gy,720012113,HPV+_0Gy_720012113,ERBB2_679_691,9.387367093213848,0.9999572942722765,5
HPV+_0Gy,720012113,HPV+_0Gy_720012113,KAP2_92_104,8.20890148992918,0.999831212883178,5
HPV+_0Gy,720012113,HPV+_0Gy_720012113,ESR1_160_172,9.68312703823933,0.9998600976887033,5
HPV+_0Gy,720012113,HPV+_0Gy_720012113,ADRB2_338_350,7.7526173285386415,0.9987513019057516,5
HPV+_0Gy,720012113,HPV+_0Gy_720012113,KPB1_1011_1023,8.531528591722486,0.9999366289140407,5
HPV+_0Gy,720012113,HPV+_0Gy_720012113,SCN7A_898_910,8.63662462054365,0.9997965969284707,5
HPV+_0Gy,720012113,HPV+_0Gy_720012113,KIF2C_105_118_S106G,8.958142295332216,0.9999061755484269,5
HPV+_0Gy,720012113,HPV+_0Gy_720012113,VASP_150_162,9.554516454485757,0.9999861215635193,5
HPV+_0Gy,720012113,HPV+_0Gy_720012113,VIME_28_40,8.44247409775092,0.9998529571967683,5
HPV+_0Gy,720012113,HPV+_0Gy_720012113,MYL9_14_26,9.180753621917681,0.999995860720999,5
HPV+_6Gy_5m,720012113,HPV+_6Gy_5m_720012113,RS6_228_240,9.872747466874273,0.9999905310374045,5
HPV+_6Gy_5m,720012113,HPV+_6Gy_5m_720012113,RYR1_4317_4329,7.707489368600122,0.999944300006877,5
HPV+_6Gy_5m,720012113,HPV+_6Gy_5m_720012113,TRPM7_1498_1510,11.094575690489114,0.999950831857238,5
HPV+_6Gy_5m,720012113,HPV+_6Gy_5m_720012113,PTK6_436_448,10.84551963831614,0.9999353605338257,5
HPV+_6Gy_5m,720012113,HPV+_6Gy_5m_720012113,STK6_283_295,10.516592043037827,0.999944747299915,5
HPV+_6Gy_5m,720012113,HPV+_6Gy_5m_720012113,NFKB1_330_342,9.317497942467593,0.9998648708673188,5
HPV+_6Gy_5m,720012113,HPV+_6Gy_5m_720012113,PPR1A_28_40,8.015862085767557,0.9999528355023901,5
HPV+_6Gy_5m,720012113,HPV+_6Gy_5m_720012113,GYS2_1_13,8.491701862507965,0.9995924513361695,5
HPV+_6Gy_5m,720012113,HPV+_6Gy_5m_720012113,ANDR_785_797,7.766935129927999,0.999512603867188,5
HPV+_6Gy_5m,720012113,HPV+_6Gy_5m_720012113,GPSM2_394_406,9.038711973214907,0.9999031652520416,5
HPV+_6Gy_5m,720012113,HPV+_6Gy_5m_720012113,TPH2_10_22,6.843832188940347,0.9900837078495609,5
HPV+_6Gy_5m,720012113,HPV+_6Gy_5m_720012113,DESP_2842_2854,7.206507586063605,0.9998450570658612,5
HPV+_6Gy_5m,720012113,HPV+_6Gy_5m_720012113,FOXO3_25_37,8.138006090458704,0.9997130541266567,5
HPV+_6Gy_5m,720012113,HPV+_6Gy_5m_720012113,CCR5_330_342,5.071361166958723,0.979652504411565,5
HPV+_6Gy_5m,720012113,HPV+_6Gy_5m_720012113,MP2K1_287_299,7.774911349503546,0.9997998406798294,5
HPV+_6Gy_5m,720012113,HPV+_6Gy_5m_720012113,CFTR_730_742,10.382318144025083,0.9998148918507117,5
HPV+_6Gy_5m,720012113,HPV+_6Gy_5m_720012113,ACM4_456_468,6.297911213768827,0.9932563963132378,5
HPV+_6Gy_5m,720012113,HPV+_6Gy_5m_720012113,PDPK1_235_247,6.0311354845969705,0.998868855784933,5
HPV+_6Gy_5m,720012113,HPV+_6Gy_5m_720012113,MARCS_160_172,6.214594050776041,0.9992605569301503,5
HPV+_6Gy_5m,720012113,HPV+_6Gy_5m_720012113,ACM1_444_456,6.897788388501266,0.9996686325134575,5
HPV+_6Gy_5m,720012113,HPV+_6Gy_5m_720012113,RB_242_254,7.409070657517031,0.9989430495561241,5
HPV+_6Gy_5m,720012113,HPV+_6Gy_5m_720012113,CO4A3_1429_1441,5.025296294615756,0.9826744953160047,5
HPV+_6Gy_5m,720012113,HPV+_6Gy_5m_720012113,GSUB_61_73,5.926715573964768,0.9991671505088995,5
HPV+_6Gy_5m,720012113,HPV+_6Gy_5m_720012113,NEK3_158_170,4.974252230802349,0.9895877009084556,5
HPV+_6Gy_5m,720012113,HPV+_6Gy_5m_720012113,RAP1B_172_184,6.640586006944493,0.9998535418835888,5
HPV+_6Gy_5m,720012113,HPV+_6Gy_5m_720012113,PLEK_106_118,9.974631040057744,0.9999762410623367,5
HPV+_6Gy_5m,720012113,HPV+_6Gy_5m_720012113,PTN12_32_44,9.478178159432598,0.9999438177194881,5
HPV+_6Gy_5m,720012113,HPV+_6Gy_5m_720012113,CGHB_109_121,8.0828519867815,0.9998993790749537,5
HPV+_6Gy_5m,720012113,HPV+_6Gy_5m_720012113,ADDB_696_708,4.508093737336886,0.9971725537516455,5
HPV+_6Gy_5m,720012113,HPV+_6Gy_5m_720012113,CDC2_154_169,4.763932641766476,0.9960419628789917,5
HPV+_6Gy_5m,720012113,HPV+_6Gy_5m_720012113,TRPM7_1466_1478,4.5689957523160905,0.9822269116186693,5
HPV+_6Gy_5m,720012113,HPV+_6Gy_5m_720012113,MPIP3_208_220,4.260764232208967,0.9916765937824232,5
HPV+_6Gy_5m,720012113,HPV+_6Gy_5m_720012113,PP2AB_297_309,3.44700522793748,0.9667901377474245,5
HPV+_6Gy_5m,720012113,HPV+_6Gy_5m_720012113,ERF_519_531,4.847618792271332,0.9886877366981982,5
HPV+_6Gy_5m,720012113,HPV+_6Gy_5m_720012113,BCKD_45_57,5.223364260403773,0.9899600016160963,5
HPV+_6Gy_5m,720012113,HPV+_6Gy_5m_720012113,XPO1_1049_1061,6.640586006944493,0.9993989941300426,5
HPV+_6Gy_5m,720012113,HPV+_6Gy_5m_720012113,CAC1C_1974_1986,9.750027494586021,0.9999466542011982,5
HPV+_6Gy_5m,720012113,HPV+_6Gy_5m_720012113,NOS3_1171_1183,9.522970081160143,0.9999296171056372,5
HPV+_6Gy_5m,720012113,HPV+_6Gy_5m_720012113,FRAP_2443_2455,6.387123195598511,0.9996899035774885,5
HPV+_6Gy_5m,720012113,HPV+_6Gy_5m_720012113,LMNB1_16_28,4.946271813582484,0.9924453960182583,5
HPV+_6Gy_5m,720012113,HPV+_6Gy_5m_720012113,VASP_232_244,3.940964529703048,0.8929865229110512,5
HPV+_6Gy_5m,720012113,HPV+_6Gy_5m_720012113,RAF1_253_265,6.7427384194973525,0.9997162550130143,5
HPV+_6Gy_5m,720012113,HPV+_6Gy_5m_720012113,RBL2_655_667,7.6886132056363845,0.9997096341845625,5
HPV+_6Gy_5m,720012113,HPV+_6Gy_5m_720012113,EPB42_241_253,9.217157540544617,0.9999550744559692,5
HPV+_6Gy_5m,720012113,HPV+_6Gy_5m_720012113,EZH2_305_317,8.881142826410867,0.9999135062946987,5
HPV+_6Gy_5m,720012113,HPV+_6Gy_5m_720012113,ANXA1_209_221,6.563250244758661,0.9995043887222174,5
HPV+_6Gy_5m,720012113,HPV+_6Gy_5m_720012113,P53_308_323,5.581555899277907,0.9975104993867614,5
HPV+_6Gy_5m,720012113,HPV+_6Gy_5m_720012113,RB_350_362,5.871062516472891,0.9982119664219825,5
HPV+_6Gy_5m,720012113,HPV+_6Gy_5m_720012113,BAD_69_81,5.834321969657873,0.9989530442989853,5
HPV+_6Gy_5m,720012113,HPV+_6Gy_5m_720012113,AMOT_744_756,6.432581292992488,0.9987763870726696,5
HPV+_6Gy_5m,720012113,HPV+_6Gy_5m_720012113,CENPA_1_14,8.030302760163526,0.999864468752298,5
HPV+_6Gy_5m,720012113,HPV+_6Gy_5m_720012113,TY3H_65_77,11.246068326793706,0.99997623071492725,5
HPV+_6Gy_5m,720012113,HPV+_6Gy_5m_720012113,PKP1_167_179,6.874314446777865,0.9996991350520593,5
HPV+_6Gy_5m,720012113,HPV+_6Gy_5m_720012113,RB_803_815,6.401362562381768,0.9997011416389393,5
HPV+_6Gy_5m,720012113,HPV+_6Gy_5m_720012113,C1R_201_213,4.05343925896146,0.9714973906061822,5
HPV+_6Gy_5m,720012113,HPV+_6Gy_5m_720012113,NEK2_172_184,5.991468366378883,0.9993271248826687,5
HPV+_6Gy_5m,720012113,HPV+_6Gy_5m_720012113,MPIP1_172_184,7.884256931317792,0.9998309219713443,5
HPV+_6Gy_5m,720012113,HPV+_6Gy_5m_720012113,CSF1R_701_713,10.808903480975589,0.9999727749961996,5
HPV+_6Gy_5m,720012113,HPV+_6Gy_5m_720012113,CREB1_126_138,10.144802514740624,0.9999013285380965,5
HPV+_6Gy_5m,720012113,HPV+_6Gy_5m_720012113,BAD_93_105,7.9438417317814105,0.9998427751235723,5
HPV+_6Gy_5m,720012113,HPV+_6Gy_5m_720012113,MBP_222_234,7.254003532754141,0.9988593290522816,5
HPV+_6Gy_5m,720012113,HPV+_6Gy_5m_720012113,KCNB1_489_501,5.131614331819454,0.9851054115444761,5
HPV+_6Gy_5m,720012113,HPV+_6Gy_5m_720012113,RADI_559_569,4.169925001442313,0.9891705069124425,5
HPV+_6Gy_5m,720012113,HPV+_6Gy_5m_720012113,KCNA3_461_473,5.865470668228538,0.9950995922927489,5
HPV+_6Gy_5m,720012113,HPV+_6Gy_5m_720012113,KCNA1_438_450,7.374383362649448,0.9994385475539005,5
HPV+_6Gy_5m,720012113,HPV+_6Gy_5m_720012113,IRS1_788_800,8.448408552054396,0.9997348065292824,5
HPV+_6Gy_5m,720012113,HPV+_6Gy_5m_720012113,KCNH2_277_289,11.043620597791005,0.9999858566546252,5
HPV+_6Gy_5m,720012113,HPV+_6Gy_5m_720012113,REL_260_272,9.459895532583378,0.9999158023651882,5
HPV+_6Gy_5m,720012113,HPV+_6Gy_5m_720012113,KAPCG_192_206,5.1744546599228265,0.9796014632268002,5
HPV+_6Gy_5m,720012113,HPV+_6Gy_5m_720012113,TAU_524_536,5.730486158673334,0.9997823320269887,5
HPV+_6Gy_5m,720012113,HPV+_6Gy_5m_720012113,GBF1_1331_1343,4.313738697074016,0.9943396226415094,5
HPV+_6Gy_5m,720012113,HPV+_6Gy_5m_720012113,RB_774_786,3.226275855823676,0.9670440251572326,5
HPV+_6Gy_5m,720012113,HPV+_6Gy_5m_720012113,PRKDC_2618_2630,5.4900372433009155,0.9953065248356336,5
HPV+_6Gy_5m,720012113,HPV+_6Gy_5m_720012113,KS6A1_374_386,6.425631577144913,0.9993979674178272,5
HPV+_6Gy_5m,720012113,HPV+_6Gy_5m_720012113,VASP_271_283,8.914582574217322,0.9997884910416823,5
HPV+_6Gy_5m,720012113,HPV+_6Gy_5m_720012113,NMDZ1_890_902,10.223273178296298,0.9999604338816591,5
HPV+_6Gy_5m,720012113,HPV+_6Gy_5m_720012113,H2B1B_ 27_40,6.730486158673334,0.9981792604096286,5
HPV+_6Gy_5m,720012113,HPV+_6Gy_5m_720012113,IF4E_203_215,6.711910429418194,0.9997194100615977,5
HPV+_6Gy_5m,720012113,HPV+_6Gy_5m_720012113,CDK7_163_175,5.872921659824102,0.9996887124050802,5
HPV+_6Gy_5m,720012113,HPV+_6Gy_5m_720012113,RBM26_833_845,7.436986472112489,0.9995171745277094,5
HPV+_6Gy_5m,720012113,HPV+_6Gy_5m_720012113,ROA1_186_198,6.1744546599228265,0.9992869632106841,5
HPV+_6Gy_5m,720012113,HPV+_6Gy_5m_720012113,YAP1_374_386,4.2805081675073815,0.996861610163121,5
HPV+_6Gy_5m,720012113,HPV+_6Gy_5m_720012113,PLM_76_88,7.111283333533745,0.9990531061304011,5
HPV+_6Gy_5m,720012113,HPV+_6Gy_5m_720012113,FIBA_569_581,5.347558694924818,0.9971316986270866,5
HPV+_6Gy_5m,720012113,HPV+_6Gy_5m_720012113,KCC2G_278_289,4.148596492001801,0.983001067995728,5
HPV+_6Gy_5m,720012113,HPV+_6Gy_5m_720012113,NR4A1_344_356,6.988899006766751,0.9987980877306039,5
HPV+_6Gy_5m,720012113,HPV+_6Gy_5m_720012113,RUNX3_8_20,8.783214474921188,0.999881126889215,5
HPV+_6Gy_5m,720012113,HPV+_6Gy_5m_720012113,NCF1_321_333,10.792207095761652,0.9999867471356054,5
HPV+_6Gy_5m,720012113,HPV+_6Gy_5m_720012113,ADDB_706_718,6.488825403632107,0.9989295419956371,5
HPV+_6Gy_5m,720012113,HPV+_6Gy_5m_720012113,H32_3_18,7.855397413574312,0.9997443486478165,5
HPV+_6Gy_5m,720012113,HPV+_6Gy_5m_720012113,RIT1_202_214,6.5217856024065055,0.9988586590296497,5
HPV+_6Gy_5m,720012113,HPV+_6Gy_5m_720012113,BUB1_207_219,5.769931382387918,0.9990186194737621,5
HPV+_6Gy_5m,720012113,HPV+_6Gy_5m_720012113,BAD_112_124,7.54849478732948,0.9992002426189203,5
HPV+_6Gy_5m,720012113,HPV+_6Gy_5m_720012113,GPR6_349_361,7.110101603741346,0.9997047038535438,5
HPV+_6Gy_5m,720012113,HPV+_6Gy_5m_720012113,KCNA2_442_454,8.156250064545237,0.9998422045735482,5
HPV+_6Gy_5m,720012113,HPV+_6Gy_5m_720012113,ARHG2_166_178,5.43195088221519,0.9752421830755016,5
HPV+_6Gy_5m,720012113,HPV+_6Gy_5m_720012113,MARCS_152_164,6.112070615976687,0.9962931333564623,5
HPV+_6Gy_5m,720012113,HPV+_6Gy_5m_720012113,CD27_212_224,6.199116714157096,0.9988087992348492,5
HPV+_6Gy_5m,720012113,HPV+_6Gy_5m_720012113,SV2A_36_48,8.283656248612978,0.9999688254664559,5
HPV+_6Gy_5m,720012113,HPV+_6Gy_5m_720012113,ERBB2_679_691,9.337243203220613,0.9999112816347812,5
HPV+_6Gy_5m,720012113,HPV+_6Gy_5m_720012113,KAP2_92_104,9.164053064462356,0.9999249042134983,5
HPV+_6Gy_5m,720012113,HPV+_6Gy_5m_720012113,ESR1_160_172,10.185062414360944,0.9999614818521947,5
HPV+_6Gy_5m,720012113,HPV+_6Gy_5m_720012113,ADRB2_338_350,8.962514101831855,0.9997322887254655,5
HPV+_6Gy_5m,720012113,HPV+_6Gy_5m_720012113,KPB1_1011_1023,9.867162158292153,0.9998710087669768,5
HPV+_6Gy_5m,720012113,HPV+_6Gy_5m_720012113,SCN7A_898_910,9.855632475903287,0.9999435732566964,5
HPV+_6Gy_5m,720012113,HPV+_6Gy_5m_720012113,KIF2C_105_118_S106G,9.012281934204701,0.9998313038338411,5
HPV+_6Gy_5m,720012113,HPV+_6Gy_5m_720012113,VASP_150_162,10.877703742444096,0.9999923620500422,5
HPV+_6Gy_5m,720012113,HPV+_6Gy_5m_720012113,VIME_28_40,8.278230273607111,0.9999668911205413,5
HPV+_6Gy_5m,720012113,HPV+_6Gy_5m_720012113,MYL9_14_26,9.194663948150465,0.9999650557894316,5
HPV+_0Gy,720012114,HPV+_0Gy_720012114,RS6_228_240,9.045218752156492,0.999944084759342,5
HPV+_0Gy,720012114,HPV+_0Gy_720012114,RYR1_4317_4329,7.302746681683742,0.9999672120472306,5
HPV+_0Gy,720012114,HPV+_0Gy_720012114,TRPM7_1498_1510,10.083102955737667,0.9999169292359921,5
HPV+_0Gy,720012114,HPV+_0Gy_720012114,PTK6_436_448,9.956937722379031,0.9998560140967123,5
HPV+_0Gy,720012114,HPV+_0Gy_720012114,STK6_283_295,9.775843182619385,0.9998251693353065,5
HPV+_0Gy,720012114,HPV+_0Gy_720012114,NFKB1_330_342,8.143214729679846,0.9999035191290784,5
HPV+_0Gy,720012114,HPV+_0Gy_720012114,PPR1A_28_40,8.238044155708884,0.9999247276120488,5
HPV+_0Gy,720012114,HPV+_0Gy_720012114,GYS2_1_13,8.581271652396701,0.9998717920223968,5
HPV+_0Gy,720012114,HPV+_0Gy_720012114,ANDR_785_797,7.7571541091354135,0.9994480536067025,5
HPV+_0Gy,720012114,HPV+_0Gy_720012114,GPSM2_394_406,7.758411798205466,0.9999512243270947,5
HPV+_0Gy,720012114,HPV+_0Gy_720012114,TPH2_10_22,7.192060140485763,0.9995190659561934,5
HPV+_0Gy,720012114,HPV+_0Gy_720012114,DESP_2842_2854,5.940964529703048,0.9985472300922297,5
HPV+_0Gy,720012114,HPV+_0Gy_720012114,FOXO3_25_37,8.317839206819484,0.9999339380712771,5
HPV+_0Gy,720012114,HPV+_0Gy_720012114,CCR5_330_342,5.023623604525899,0.9985539966672041,5
HPV+_0Gy,720012114,HPV+_0Gy_720012114,MP2K1_287_299,8.07883053458631,0.9998522732872125,5
HPV+_0Gy,720012114,HPV+_0Gy_720012114,CFTR_730_742,8.984069089162556,0.9998672411609373,5
HPV+_0Gy,720012114,HPV+_0Gy_720012114,ACM4_456_468,6.559214731523505,0.9997472216797031,5
HPV+_0Gy,720012114,HPV+_0Gy_720012114,PDPK1_235_247,6.1049695596015425,0.9979830218675945,5
HPV+_0Gy,720012114,HPV+_0Gy_720012114,MARCS_160_172,6.215326941338355,0.9985013315201995,5
HPV+_0Gy,720012114,HPV+_0Gy_720012114,ACM1_444_456,7.023623604525899,0.9994438148784563,5
HPV+_0Gy,720012114,HPV+_0Gy_720012114,RB_242_254,7.444194477969938,0.9998838066354627,5
HPV+_0Gy,720012114,HPV+_0Gy_720012114,CO4A3_1429_1441,5.015230939549301,0.9983810015768583,5
HPV+_0Gy,720012114,HPV+_0Gy_720012114,GSUB_61_73,5.982885979136153,0.999048957018121,5
HPV+_0Gy,720012114,HPV+_0Gy_720012114,NEK3_158_170,4.61415421343594,0.9872284073596626,5
HPV+_0Gy,720012114,HPV+_0Gy_720012114,RAP1B_172_184,6.560945619602621,0.9985060699878936,5
HPV+_0Gy,720012114,HPV+_0Gy_720012114,PLEK_106_118,10.120800279124328,0.9999885092595107,5
HPV+_0Gy,720012114,HPV+_0Gy_720012114,PTN12_32_44,8.844661358082282,0.9997218839123472,5
HPV+_0Gy,720012114,HPV+_0Gy_720012114,CGHB_109_121,7.441378241229646,0.9998188422872245,5
HPV+_0Gy,720012114,HPV+_0Gy_720012114,ADDB_696_708,4.832412379649242,0.9976983932509538,5
HPV+_0Gy,720012114,HPV+_0Gy_720012114,CDC2_154_169,4.834321969657873,0.993889227023737,5
HPV+_0Gy,720012114,HPV+_0Gy_720012114,TRPM7_1466_1478,4.338168735894573,0.9731919650418346,5
HPV+_0Gy,720012114,HPV+_0Gy_720012114,MPIP3_208_220,4.079434467494405,0.9785188435473647,5
HPV+_0Gy,720012114,HPV+_0Gy_720012114,PP2AB_297_309,4.046866605037974,0.9862937638167704,5
HPV+_0Gy,720012114,HPV+_0Gy_720012114,ERF_519_531,4.888628389215791,0.980344586210188,5
HPV+_0Gy,720012114,HPV+_0Gy_720012114,BCKD_45_57,5.171436468359912,0.9895353000531643,5
HPV+_0Gy,720012114,HPV+_0Gy_720012114,XPO1_1049_1061,6.593443977476247,0.9980310604444174,5
HPV+_0Gy,720012114,HPV+_0Gy_720012114,CAC1C_1974_1986,8.759542781702088,0.9999870742196789,5
HPV+_0Gy,720012114,HPV+_0Gy_720012114,NOS3_1171_1183,9.42135034455828,0.9999060209383411,5
HPV+_0Gy,720012114,HPV+_0Gy_720012114,FRAP_2443_2455,6.123047696419239,0.9996304945980714,5
HPV+_0Gy,720012114,HPV+_0Gy_720012114,LMNB1_16_28,4.5033007261479865,0.993456735794048,5
HPV+_0Gy,720012114,HPV+_0Gy_720012114,VASP_232_244,3.9267155739647683,0.9981500829697006,5
HPV+_0Gy,720012114,HPV+_0Gy_720012114,RAF1_253_265,6.738156006833054,0.9996329085781234,5
HPV+_0Gy,720012114,HPV+_0Gy_720012114,RBL2_655_667,7.748572622778393,0.9996962306935352,5
HPV+_0Gy,720012114,HPV+_0Gy_720012114,EPB42_241_253,8.324647596240954,0.9998493757487753,5
HPV+_0Gy,720012114,HPV+_0Gy_720012114,EZH2_305_317,7.87501033635204,0.9998692964121748,5
HPV+_0Gy,720012114,HPV+_0Gy_720012114,ANXA1_209_221,6.112070615976687,0.997704313432038,5
HPV+_0Gy,720012114,HPV+_0Gy_720012114,P53_308_323,5.220446777021479,0.9977145894233325,5
HPV+_0Gy,720012114,HPV+_0Gy_720012114,RB_350_362,5.866404149361649,0.9990369583935931,5
HPV+_0Gy,720012114,HPV+_0Gy_720012114,BAD_69_81,5.615265260884682,0.9989882245679677,5
HPV+_0Gy,720012114,HPV+_0Gy_720012114,AMOT_744_756,6.586662789710996,0.9998380151226985,5
HPV+_0Gy,720012114,HPV+_0Gy_720012114,CENPA_1_14,8.255073120131112,0.9998885778914373,5
HPV+_0Gy,720012114,HPV+_0Gy_720012114,TY3H_65_77,10.288539650416007,0.9999725876227299,5
HPV+_0Gy,720012114,HPV+_0Gy_720012114,PKP1_167_179,6.839084915683835,0.9991496788773242,5
HPV+_0Gy,720012114,HPV+_0Gy_720012114,RB_803_815,6.548785565329232,0.9997321751954277,5
HPV+_0Gy,720012114,HPV+_0Gy_720012114,C1R_201_213,3.607469900130726,0.9509525111658007,5
HPV+_0Gy,720012114,HPV+_0Gy_720012114,NEK2_172_184,6.0681191542665704,0.9979399016986499,5
HPV+_0Gy,720012114,HPV+_0Gy_720012114,MPIP1_172_184,8.116785309848739,0.9998896089581203,5
HPV+_0Gy,720012114,HPV+_0Gy_720012114,CSF1R_701_713,9.961749991400024,0.9999972162374351,5
HPV+_0Gy,720012114,HPV+_0Gy_720012114,CREB1_126_138,9.481304425642406,0.9998987479884562,5
HPV+_0Gy,720012114,HPV+_0Gy_720012114,BAD_93_105,8.192432400851882,0.9998586403114705,5
HPV+_0Gy,720012114,HPV+_0Gy_720012114,MBP_222_234,7.233167435434132,0.999659090694704,5
HPV+_0Gy,720012114,HPV+_0Gy_720012114,KCNB1_489_501,4.899613429909593,0.9953880174361259,5
HPV+_0Gy,720012114,HPV+_0Gy_720012114,RADI_559_569,4.232081477504882,0.9913815158298689,5
HPV+_0Gy,720012114,HPV+_0Gy_720012114,KCNA3_461_473,6.111283333533745,0.996772881033771,5
HPV+_0Gy,720012114,HPV+_0Gy_720012114,KCNA1_438_450,6.141673388677585,0.9995434350587052,5
HPV+_0Gy,720012114,HPV+_0Gy_720012114,IRS1_788_800,8.742611326598457,0.9999224788694968,5
HPV+_0Gy,720012114,HPV+_0Gy_720012114,KCNH2_277_289,9.946437352016533,0.9999148179487961,5
HPV+_0Gy,720012114,HPV+_0Gy_720012114,REL_260_272,8.329394423219505,0.9998953570973458,5
HPV+_0Gy,720012114,HPV+_0Gy_720012114,KAPCG_192_206,5.250790004543158,0.9922043115546546,5
HPV+_0Gy,720012114,HPV+_0Gy_720012114,TAU_524_536,5.578141234865142,0.996069803863077,5
HPV+_0Gy,720012114,HPV+_0Gy_720012114,GBF1_1331_1343,4.439497691268539,0.9612030118905719,5
HPV+_0Gy,720012114,HPV+_0Gy_720012114,RB_774_786,3.548203950711039,0.9493233231255557,5
HPV+_0Gy,720012114,HPV+_0Gy_720012114,PRKDC_2618_2630,5.534174390806981,0.9872494206067589,5
HPV+_0Gy,720012114,HPV+_0Gy_720012114,KS6A1_374_386,6.904165958271983,0.999215051491789,5
HPV+_0Gy,720012114,HPV+_0Gy_720012114,VASP_271_283,8.33513750906029,0.9999021660138713,5
HPV+_0Gy,720012114,HPV+_0Gy_720012114,NMDZ1_890_902,9.56490442305701,0.9999565633478853,5
HPV+_0Gy,720012114,HPV+_0Gy_720012114,H2B1B_ 27_40,6.599070720337618,0.9991478171614393,5
HPV+_0Gy,720012114,HPV+_0Gy_720012114,IF4E_203_215,6.707749806373352,0.9989077355496278,5
HPV+_0Gy,720012114,HPV+_0Gy_720012114,CDK7_163_175,5.90598295478532,0.9997905323803679,5
HPV+_0Gy,720012114,HPV+_0Gy_720012114,RBM26_833_845,7.071765906768052,0.9986951735171693,5
HPV+_0Gy,720012114,HPV+_0Gy_720012114,ROA1_186_198,6.306190691533394,0.999397508215797,5
HPV+_0Gy,720012114,HPV+_0Gy_720012114,YAP1_374_386,4.16082279433506,0.9812893081761006,5
HPV+_0Gy,720012114,HPV+_0Gy_720012114,PLM_76_88,6.196149731022145,0.9998752555803926,5
HPV+_0Gy,720012114,HPV+_0Gy_720012114,FIBA_569_581,5.273487739829609,0.9946368894905755,5
HPV+_0Gy,720012114,HPV+_0Gy_720012114,KCC2G_278_289,4.631829105759131,0.9883884411064298,5
HPV+_0Gy,720012114,HPV+_0Gy_720012114,NR4A1_344_356,7.28784303280668,0.9997680134982445,5
HPV+_0Gy,720012114,HPV+_0Gy_720012114,RUNX3_8_20,8.937526503225525,0.999954858760519,5
HPV+_0Gy,720012114,HPV+_0Gy_720012114,NCF1_321_333,9.852632558524258,0.9998946152961944,5
HPV+_0Gy,720012114,HPV+_0Gy_720012114,ADDB_706_718,6.488219101861936,0.9959492561582076,5
HPV+_0Gy,720012114,HPV+_0Gy_720012114,H32_3_18,7.872457098544644,0.9998275895594458,5
HPV+_0Gy,720012114,HPV+_0Gy_720012114,RIT1_202_214,6.381257248792076,0.999559796223957,5
HPV+_0Gy,720012114,HPV+_0Gy_720012114,BUB1_207_219,5.894131364893177,0.9930853594661485,5
HPV+_0Gy,720012114,HPV+_0Gy_720012114,BAD_112_124,6.662785918309576,0.997895335687383,5
HPV+_0Gy,720012114,HPV+_0Gy_720012114,GPR6_349_361,7.083052765438965,0.9995005458303977,5
HPV+_0Gy,720012114,HPV+_0Gy_720012114,KCNA2_442_454,7.6857074744609735,0.9996959397172112,5
HPV+_0Gy,720012114,HPV+_0Gy_720012114,ARHG2_166_178,5.993178734143986,0.9976100862343629,5
HPV+_0Gy,720012114,HPV+_0Gy_720012114,MARCS_152_164,6.559214731523505,0.9972933351432062,5
HPV+_0Gy,720012114,HPV+_0Gy_720012114,CD27_212_224,6.506896976554125,0.9965153446651832,5
HPV+_0Gy,720012114,HPV+_0Gy_720012114,SV2A_36_48,8.601175104005657,0.9999757429260037,5
HPV+_0Gy,720012114,HPV+_0Gy_720012114,ERBB2_679_691,9.382073391281958,0.9997331747930854,5
HPV+_0Gy,720012114,HPV+_0Gy_720012114,KAP2_92_104,8.354062214762479,0.9998367122118893,5
HPV+_0Gy,720012114,HPV+_0Gy_720012114,ESR1_160_172,9.720776632969734,0.9999536254790166,5
HPV+_0Gy,720012114,HPV+_0Gy_720012114,ADRB2_338_350,7.957485380222942,0.9997951262585414,5
HPV+_0Gy,720012114,HPV+_0Gy_720012114,KPB1_1011_1023,8.698737422910092,0.9998632757896959,5
HPV+_0Gy,720012114,HPV+_0Gy_720012114,SCN7A_898_910,8.789256798126342,0.9998717245626513,5
HPV+_0Gy,720012114,HPV+_0Gy_720012114,KIF2C_105_118_S106G,9.064056366335489,0.9999814403916227,5
HPV+_0Gy,720012114,HPV+_0Gy_720012114,VASP_150_162,9.832292946308316,0.9999582169182073,5
HPV+_0Gy,720012114,HPV+_0Gy_720012114,VIME_28_40,8.511827228993722,0.9998775251422898,5
HPV+_0Gy,720012114,HPV+_0Gy_720012114,MYL9_14_26,9.29453405628331,0.999963641018521,5
HPV+_6Gy_5m,720012114,HPV+_6Gy_5m_720012114,RS6_228_240,9.931127745037434,0.9999441708780783,5
HPV+_6Gy_5m,720012114,HPV+_6Gy_5m_720012114,RYR1_4317_4329,7.796621260472651,0.9998970023537381,5
HPV+_6Gy_5m,720012114,HPV+_6Gy_5m_720012114,TRPM7_1498_1510,11.060619467129916,0.9999628474659231,5
HPV+_6Gy_5m,720012114,HPV+_6Gy_5m_720012114,PTK6_436_448,10.923719902957506,0.9999848935151121,5
HPV+_6Gy_5m,720012114,HPV+_6Gy_5m_720012114,STK6_283_295,10.569139097245504,0.9998903917107115,5
HPV+_6Gy_5m,720012114,HPV+_6Gy_5m_720012114,NFKB1_330_342,9.243443469798734,0.9999764102977152,5
HPV+_6Gy_5m,720012114,HPV+_6Gy_5m_720012114,PPR1A_28_40,8.43195088221519,0.9993489606170449,5
HPV+_6Gy_5m,720012114,HPV+_6Gy_5m_720012114,GYS2_1_13,8.715800146093377,0.9998645629246805,5
HPV+_6Gy_5m,720012114,HPV+_6Gy_5m_720012114,ANDR_785_797,8.124218873624045,0.9994697646664804,5
HPV+_6Gy_5m,720012114,HPV+_6Gy_5m_720012114,GPSM2_394_406,8.93084889333645,0.9999448741212725,5
HPV+_6Gy_5m,720012114,HPV+_6Gy_5m_720012114,TPH2_10_22,7.343541907993425,0.9990775297818085,5
HPV+_6Gy_5m,720012114,HPV+_6Gy_5m_720012114,DESP_2842_2854,7.135491504378439,0.9993698454415294,5
HPV+_6Gy_5m,720012114,HPV+_6Gy_5m_720012114,FOXO3_25_37,8.418807309785665,0.9995914092764278,5
HPV+_6Gy_5m,720012114,HPV+_6Gy_5m_720012114,CCR5_330_342,5.255073120131112,0.9981132075471698,5
HPV+_6Gy_5m,720012114,HPV+_6Gy_5m_720012114,MP2K1_287_299,8.09763464630763,0.9999085542308138,5
HPV+_6Gy_5m,720012114,HPV+_6Gy_5m_720012114,CFTR_730_742,10.259077025185851,0.9998950346031007,5
HPV+_6Gy_5m,720012114,HPV+_6Gy_5m_720012114,ACM4_456_468,6.542374871908841,0.9949120203519186,5
HPV+_6Gy_5m,720012114,HPV+_6Gy_5m_720012114,PDPK1_235_247,6.28190816280491,0.9975562260397066,5
HPV+_6Gy_5m,720012114,HPV+_6Gy_5m_720012114,MARCS_160_172,6.288887833123355,0.9981943524105139,5
HPV+_6Gy_5m,720012114,HPV+_6Gy_5m_720012114,ACM1_444_456,7.124218873624044,0.9997797498613836,5
HPV+_6Gy_5m,720012114,HPV+_6Gy_5m_720012114,RB_242_254,7.55371984550285,0.9998379073389781,5
HPV+_6Gy_5m,720012114,HPV+_6Gy_5m_720012114,CO4A3_1429_1441,4.634023319172043,0.9962356189599632,5
HPV+_6Gy_5m,720012114,HPV+_6Gy_5m_720012114,GSUB_61_73,6.004246971100186,0.9985818858261059,5
HPV+_6Gy_5m,720012114,HPV+_6Gy_5m_720012114,NEK3_158_170,5.16082279433506,0.9962796266323748,5
HPV+_6Gy_5m,720012114,HPV+_6Gy_5m_720012114,RAP1B_172_184,6.650916258647415,0.9997996613557893,5
HPV+_6Gy_5m,720012114,HPV+_6Gy_5m_720012114,PLEK_106_118,10.200042646440268,0.9999858846383062,5
HPV+_6Gy_5m,720012114,HPV+_6Gy_5m_720012114,PTN12_32_44,9.574290051985603,0.9999366992216328,5
HPV+_6Gy_5m,720012114,HPV+_6Gy_5m_720012114,CGHB_109_121,8.0693357629465865,0.9995512606663383,5
HPV+_6Gy_5m,720012114,HPV+_6Gy_5m_720012114,ADDB_696_708,4.853280127361758,0.9788565804180638,5
HPV+_6Gy_5m,720012114,HPV+_6Gy_5m_720012114,CDC2_154_169,4.787779383720844,0.991165371809101,5
HPV+_6Gy_5m,720012114,HPV+_6Gy_5m_720012114,TRPM7_1466_1478,4.582692327096329,0.9932139514261786,5
HPV+_6Gy_5m,720012114,HPV+_6Gy_5m_720012114,MPIP3_208_220,4.288887833123355,0.994639878414946,5
HPV+_6Gy_5m,720012114,HPV+_6Gy_5m_720012114,PP2AB_297_309,4.030302760163526,0.9964868456019134,5
HPV+_6Gy_5m,720012114,HPV+_6Gy_5m_720012114,ERF_519_531,5.217523381814712,0.9952968396482356,5
HPV+_6Gy_5m,720012114,HPV+_6Gy_5m_720012114,BCKD_45_57,5.367476568229358,0.998311729476336,5
HPV+_6Gy_5m,720012114,HPV+_6Gy_5m_720012114,XPO1_1049_1061,6.781854549763739,0.9990971407891677,5
HPV+_6Gy_5m,720012114,HPV+_6Gy_5m_720012114,CAC1C_1974_1986,9.767997014490698,0.999976388659191,5
HPV+_6Gy_5m,720012114,HPV+_6Gy_5m_720012114,NOS3_1171_1183,9.691908084519975,0.9997790532371065,5
HPV+_6Gy_5m,720012114,HPV+_6Gy_5m_720012114,FRAP_2443_2455,6.458193784978444,0.9989474885088562,5
HPV+_6Gy_5m,720012114,HPV+_6Gy_5m_720012114,LMNB1_16_28,4.813176160786325,0.9973495058400719,5
HPV+_6Gy_5m,720012114,HPV+_6Gy_5m_720012114,VASP_232_244,3.6471189767837258,0.9763840907077687,5
HPV+_6Gy_5m,720012114,HPV+_6Gy_5m_720012114,RAF1_253_265,6.942293182175365,0.9996894877630507,5
HPV+_6Gy_5m,720012114,HPV+_6Gy_5m_720012114,RBL2_655_667,7.807354922057604,0.9999127675254553,5
HPV+_6Gy_5m,720012114,HPV+_6Gy_5m_720012114,EPB42_241_253,9.31219799620163,0.9999393456625295,5
HPV+_6Gy_5m,720012114,HPV+_6Gy_5m_720012114,EZH2_305_317,8.869317391014077,0.9999508379233564,5
HPV+_6Gy_5m,720012114,HPV+_6Gy_5m_720012114,ANXA1_209_221,6.518820143929944,0.9989528158089286,5
HPV+_6Gy_5m,720012114,HPV+_6Gy_5m_720012114,P53_308_323,5.587229107693101,0.9985026237919176,5
HPV+_6Gy_5m,720012114,HPV+_6Gy_5m_720012114,RB_350_362,6.071361166958723,0.9984260484887739,5
HPV+_6Gy_5m,720012114,HPV+_6Gy_5m_720012114,BAD_69_81,5.961203950350059,0.9976761890818586,5
HPV+_6Gy_5m,720012114,HPV+_6Gy_5m_720012114,AMOT_744_756,6.641676891715478,0.9996995753503288,5
HPV+_6Gy_5m,720012114,HPV+_6Gy_5m_720012114,CENPA_1_14,8.307394155261193,0.9999445941560952,5
HPV+_6Gy_5m,720012114,HPV+_6Gy_5m_720012114,TY3H_65_77,11.240318830097383,0.999978185442324,5
HPV+_6Gy_5m,720012114,HPV+_6Gy_5m_720012114,PKP1_167_179,6.863601892007536,0.9983704688361601,5
HPV+_6Gy_5m,720012114,HPV+_6Gy_5m_720012114,RB_803_815,6.604675603226015,0.9989263170225835,5
HPV+_6Gy_5m,720012114,HPV+_6Gy_5m_720012114,C1R_201_213,3.6857074744609735,0.9665115119275206,5
HPV+_6Gy_5m,720012114,HPV+_6Gy_5m_720012114,NEK2_172_184,6.187211994387451,0.999630308781976,5
HPV+_6Gy_5m,720012114,HPV+_6Gy_5m_720012114,MPIP1_172_184,8.214410769947376,0.9998355627075135,5
HPV+_6Gy_5m,720012114,HPV+_6Gy_5m_720012114,CSF1R_701_713,10.85801032743838,0.9999927268798672,5
HPV+_6Gy_5m,720012114,HPV+_6Gy_5m_720012114,CREB1_126_138,10.18660482898146,0.9998814191997089,5
HPV+_6Gy_5m,720012114,HPV+_6Gy_5m_720012114,BAD_93_105,8.343877067721008,0.9999419988022078,5
HPV+_6Gy_5m,720012114,HPV+_6Gy_5m_720012114,MBP_222_234,7.416100414703694,0.9999051087978398,5
HPV+_6Gy_5m,720012114,HPV+_6Gy_5m_720012114,KCNB1_489_501,5.388423506674269,0.998161005209135,5
HPV+_6Gy_5m,720012114,HPV+_6Gy_5m_720012114,RADI_559_569,4.439497691268539,0.9886224321980683,5
HPV+_6Gy_5m,720012114,HPV+_6Gy_5m_720012114,KCNA3_461_473,5.939191087511829,0.9990877794950666,5
HPV+_6Gy_5m,720012114,HPV+_6Gy_5m_720012114,KCNA1_438_450,7.238224458782403,0.999529269696807,5
HPV+_6Gy_5m,720012114,HPV+_6Gy_5m_720012114,IRS1_788_800,8.6983443001389,0.9999610004192908,5
HPV+_6Gy_5m,720012114,HPV+_6Gy_5m_720012114,KCNH2_277_289,10.898159286934712,0.999986495092686,5
HPV+_6Gy_5m,720012114,HPV+_6Gy_5m_720012114,REL_260_272,9.445834747541538,0.9999285977250753,5
HPV+_6Gy_5m,720012114,HPV+_6Gy_5m_720012114,KAPCG_192_206,5.364836686356654,0.9929091242152243,5
HPV+_6Gy_5m,720012114,HPV+_6Gy_5m_720012114,TAU_524_536,5.940964529703048,0.9995451785532453,5
HPV+_6Gy_5m,720012114,HPV+_6Gy_5m_720012114,GBF1_1331_1343,4.666542240047118,0.9856782224543537,5
HPV+_6Gy_5m,720012114,HPV+_6Gy_5m_720012114,RB_774_786,3.3381687358945733,0.9679784366576819,5
HPV+_6Gy_5m,720012114,HPV+_6Gy_5m_720012114,PRKDC_2618_2630,5.901436165516411,0.995179298828737,5
HPV+_6Gy_5m,720012114,HPV+_6Gy_5m_720012114,KS6A1_374_386,6.6378551807630695,0.9984975913287837,5
HPV+_6Gy_5m,720012114,HPV+_6Gy_5m_720012114,VASP_271_283,8.876053541745826,0.9998582451603483,5
HPV+_6Gy_5m,720012114,HPV+_6Gy_5m_720012114,NMDZ1_890_902,10.241331145098648,0.9999494055307789,5
HPV+_6Gy_5m,720012114,HPV+_6Gy_5m_720012114,H2B1B_ 27_40,6.830978526583503,0.9990767998068206,5
HPV+_6Gy_5m,720012114,HPV+_6Gy_5m_720012114,IF4E_203_215,6.859857061765011,0.9996437864153476,5
HPV+_6Gy_5m,720012114,HPV+_6Gy_5m_720012114,CDK7_163_175,5.964695047131381,0.9998010636705761,5
HPV+_6Gy_5m,720012114,HPV+_6Gy_5m_720012114,RBM26_833_845,7.3737269954675675,0.9988579545777742,5
HPV+_6Gy_5m,720012114,HPV+_6Gy_5m_720012114,ROA1_186_198,6.382562855253027,0.9997425242035429,5
HPV+_6Gy_5m,720012114,HPV+_6Gy_5m_720012114,YAP1_374_386,3.860794181019065,0.9643786597267404,5
HPV+_6Gy_5m,720012114,HPV+_6Gy_5m_720012114,PLM_76_88,6.9285044087145815,0.9996617262323344,5
HPV+_6Gy_5m,720012114,HPV+_6Gy_5m_720012114,FIBA_569_581,5.439497691268539,0.999312382406057,5
HPV+_6Gy_5m,720012114,HPV+_6Gy_5m_720012114,KCC2G_278_289,4.719162771646453,0.9970204231981337,5
HPV+_6Gy_5m,720012114,HPV+_6Gy_5m_720012114,NR4A1_344_356,7.250790004543158,0.9998542813597379,5
HPV+_6Gy_5m,720012114,HPV+_6Gy_5m_720012114,RUNX3_8_20,8.980409063964942,0.9999804366702644,5
HPV+_6Gy_5m,720012114,HPV+_6Gy_5m_720012114,NCF1_321_333,10.773108097057248,0.9999693185275017,5
HPV+_6Gy_5m,720012114,HPV+_6Gy_5m_720012114,ADDB_706_718,6.688877073042861,0.9982526336032821,5
HPV+_6Gy_5m,720012114,HPV+_6Gy_5m_720012114,H32_3_18,7.940078081109329,0.99987898729886,5
HPV+_6Gy_5m,720012114,HPV+_6Gy_5m_720012114,RIT1_202_214,6.502700478566668,0.9996432077029743,5
HPV+_6Gy_5m,720012114,HPV+_6Gy_5m_720012114,BUB1_207_219,5.988899006766751,0.99577396458441,5
HPV+_6Gy_5m,720012114,HPV+_6Gy_5m_720012114,BAD_112_124,7.436357983737971,0.9997266756066521,5
HPV+_6Gy_5m,720012114,HPV+_6Gy_5m_720012114,GPR6_349_361,7.233167435434132,0.9998923755871852,5
HPV+_6Gy_5m,720012114,HPV+_6Gy_5m_720012114,KCNA2_442_454,8.18084742828599,0.999780892545038,5
HPV+_6Gy_5m,720012114,HPV+_6Gy_5m_720012114,ARHG2_166_178,5.912324481659147,0.9919644839067703,5
HPV+_6Gy_5m,720012114,HPV+_6Gy_5m_720012114,MARCS_152_164,6.405221757837402,0.9985265124822841,5
HPV+_6Gy_5m,720012114,HPV+_6Gy_5m_720012114,CD27_212_224,6.36219196510109,0.9979735618063649,5
HPV+_6Gy_5m,720012114,HPV+_6Gy_5m_720012114,SV2A_36_48,8.640586006944492,0.9999293400445988,5
HPV+_6Gy_5m,720012114,HPV+_6Gy_5m_720012114,ERBB2_679_691,9.549294285848632,0.9998807029917665,5
HPV+_6Gy_5m,720012114,HPV+_6Gy_5m_720012114,KAP2_92_104,9.250879365938145,0.9997525175419133,5
HPV+_6Gy_5m,720012114,HPV+_6Gy_5m_720012114,ESR1_160_172,10.312497705816343,0.999933803692035,5
HPV+_6Gy_5m,720012114,HPV+_6Gy_5m_720012114,ADRB2_338_350,8.792943728425545,0.9996766019631811,5
HPV+_6Gy_5m,720012114,HPV+_6Gy_5m_720012114,KPB1_1011_1023,9.825648845797033,0.9999672112250256,5
HPV+_6Gy_5m,720012114,HPV+_6Gy_5m_720012114,SCN7A_898_910,9.71204025574367,0.9999798099229957,5
HPV+_6Gy_5m,720012114,HPV+_6Gy_5m_720012114,KIF2C_105_118_S106G,9.14099853382307,0.999963594478137,5
HPV+_6Gy_5m,720012114,HPV+_6Gy_5m_720012114,VASP_150_162,10.821021833973296,0.999966257979221,5
HPV+_6Gy_5m,720012114,HPV+_6Gy_5m_720012114,VIME_28_40,8.65645859356643,0.9998439026181792,5
HPV+_6Gy_5m,720012114,HPV+_6Gy_5m_720012114,MYL9_14_26,9.397493015920116,0.9998329815645529,5
